model_base,body_size,cylinder_size,action_type,spring_range,base_price,torque_symmetric,torque_canted,connect_flange,L1,L2,m1,m2,A,H1,H2,D,G
SF10-150DA,SF10,150,DA,,1339,"{""0.3_0"":309,""0.3_45"":185,""0.3_90"":309,""0.4_0"":412,""0.4_45"":247,""0.4_90"":412,""0.5_0"":515,""0.5_45"":309,""0.5_90"":515,""0.6_0"":618,""0.6_45"":371,""0.6_90"":618}","{""0.3_0"":417,""0.3_45"":200,""0.3_90"":282,""0.4_0"":556,""0.4_45"":267,""0.4_90"":376,""0.5_0"":695,""0.5_45"":333,""0.5_90"":470,""0.6_0"":834,""0.6_45"":400,""0.6_90"":564}","ISO 5211 F10",350,127,76,143.5,40,82,100,207,"NPT1/4"""
SF10-170DA,SF10,170,DA,,1507,"{""0.3_0"":399,""0.3_45"":240,""0.3_90"":399,""0.4_0"":533,""0.4_45"":320,""0.4_90"":533,""0.5_0"":666,""0.5_45"":399,""0.5_90"":666,""0.6_0"":799,""0.6_45"":479,""0.6_90"":799}","{""0.3_0"":539,""0.3_45"":259,""0.3_90"":364,""0.4_0"":719,""0.4_45"":345,""0.4_90"":486,""0.5_0"":898,""0.5_45"":431,""0.5_90"":607,""0.6_0"":1078,""0.6_45"":517,""0.6_90"":728}","ISO 5211 F10",350,127,76,155.5,40,82,100,231,"NPT3/8"""
SF12-170DA,SF12,170,DA,,1700,"{""0.3_0"":499,""0.3_45"":300,""0.3_90"":499,""0.4_0"":666,""0.4_45"":399,""0.4_90"":666,""0.5_0"":832,""0.5_45"":499,""0.5_90"":832,""0.6_0"":999,""0.6_45"":599,""0.6_90"":999}","{""0.3_0"":680,""0.3_45"":330,""0.3_90"":461,""0.4_0"":907,""0.4_45"":440,""0.4_90"":614,""0.5_0"":1134,""0.5_45"":550,""0.5_90"":768,""0.6_0"":1361,""0.6_45"":660,""0.6_90"":921}","ISO 5211 F12",391,143,82,165.5,50,84,110,231,"NPT3/8"""
SF12-200DA,SF12,200,DA,,1843,"{""0.3_0"":691,""0.3_45"":415,""0.3_90"":691,""0.4_0"":921,""0.4_45"":553,""0.4_90"":921,""0.5_0"":1152,""0.5_45"":691,""0.5_90"":1152,""0.6_0"":1382,""0.6_45"":829,""0.6_90"":1382}","{""0.3_0"":941,""0.3_45"":456,""0.3_90"":637,""0.4_0"":1255,""0.4_45"":609,""0.4_90"":850,""0.5_0"":1569,""0.5_45"":761,""0.5_90"":1062,""0.6_0"":1883,""0.6_45"":913,""0.6_90"":1275}","ISO 5211 F12",391,143,82,178,50,84,110,255,"NPT3/8"""
SF14-200DA,SF14,200,DA,,2168,"{""0.3_0"":773,""0.3_45"":464,""0.3_90"":773,""0.4_0"":1031,""0.4_45"":619,""0.4_90"":1031,""0.5_0"":1289,""0.5_45"":773,""0.5_90"":1289,""0.6_0"":1547,""0.6_45"":928,""0.6_90"":1547}","{""0.3_0"":1045,""0.3_45"":502,""0.3_90"":706,""0.4_0"":1393,""0.4_45"":670,""0.4_90"":942,""0.5_0"":1741,""0.5_45"":837,""0.5_90"":1177,""0.6_0"":2090,""0.6_45"":1004,""0.6_90"":1413}","ISO 5211 F14",446,173,89,188,60,95,121,255,"NPT3/8"""
SF14-250DA,SF14,250,DA,,2540,"{""0.3_0"":1351,""0.3_45"":810,""0.3_90"":1351,""0.4_0"":1801,""0.4_45"":1081,""0.4_90"":1801,""0.5_0"":2251,""0.5_45"":1351,""0.5_90"":2251,""0.6_0"":2701,""0.6_45"":1621,""0.6_90"":2701}","{""0.3_0"":1825,""0.3_45"":877,""0.3_90"":1234,""0.4_0"":2433,""0.4_45"":1169,""0.4_90"":1645,""0.5_0"":3041,""0.5_45"":1462,""0.5_90"":2056,""0.6_0"":3650,""0.6_45"":1754,""0.6_90"":2467}","ISO 5211 F14",446,173,89,215,60,95,121,310,"NPT1/2"""
SF14-300DA,SF14,300,DA,,2916,"{""0.3_0"":1955,""0.3_45"":1173,""0.3_90"":1955,""0.4_0"":2607,""0.4_45"":1564,""0.4_90"":2607,""0.5_0"":3258,""0.5_45"":1955,""0.5_90"":3258,""0.6_0"":3910,""0.6_45"":2346,""0.6_90"":3910}","{""0.3_0"":2641,""0.3_45"":1269,""0.3_90"":1785,""0.4_0"":3521,""0.4_45"":1692,""0.4_90"":2381,""0.5_0"":4402,""0.5_45"":2116,""0.5_90"":2976,""0.6_0"":5282,""0.6_45"":2539,""0.6_90"":3571}","ISO 5211 F14",446,173,89,242.5,60,95,121,356,"NPT1/2"""
SF16-250DA,SF16,250,DA,,3207,"{""0.3_0"":1682,""0.3_45"":1009,""0.3_90"":1682,""0.4_0"":2243,""0.4_45"":1346,""0.4_90"":2243,""0.5_0"":2804,""0.5_45"":1682,""0.5_90"":2804,""0.6_0"":3364,""0.6_45"":2019,""0.6_90"":3364}","{""0.3_0"":2265,""0.3_45"":1084,""0.3_90"":1530,""0.4_0"":3020,""0.4_45"":1446,""0.4_90"":2040,""0.5_0"":3775,""0.5_45"":1807,""0.5_90"":2550,""0.6_0"":4530,""0.6_45"":2169,""0.6_90"":3060}","ISO 5211 F16",513,198,112,230,75,107,139,310,"NPT1/2"""
SF16-300DA,SF16,300,DA,,3609,"{""0.3_0"":2437,""0.3_45"":1462,""0.3_90"":2437,""0.4_0"":3250,""0.4_45"":1950,""0.4_90"":3250,""0.5_0"":4062,""0.5_45"":2437,""0.5_90"":4062,""0.6_0"":4875,""0.6_45"":2925,""0.6_90"":4875}","{""0.3_0"":3282,""0.3_45"":1571,""0.3_90"":2217,""0.4_0"":4376,""0.4_45"":2095,""0.4_90"":2956,""0.5_0"":5470,""0.5_45"":2619,""0.5_90"":3695,""0.6_0"":6564,""0.6_45"":3143,""0.6_90"":4434}","ISO 5211 F16",513,198,112,257.5,75,107,139,365,"NPT1/2"""
SF16-350DA,SF16,350,DA,,4063,"{""0.3_0"":3312,""0.3_45"":1987,""0.3_90"":3312,""0.4_0"":4416,""0.4_45"":2649,""0.4_90"":4416,""0.5_0"":5520,""0.5_45"":3312,""0.5_90"":5520,""0.6_0"":6623,""0.6_45"":3974,""0.6_90"":6623}","{""0.3_0"":4459,""0.3_45"":2135,""0.3_90"":3012,""0.4_0"":5945,""0.4_45"":2847,""0.4_90"":4016,""0.5_0"":7432,""0.5_45"":3558,""0.5_90"":5021,""0.6_0"":8918,""0.6_45"":4270,""0.6_90"":6025}","ISO 5211 F16",513,198,112,282.5,75,107,139,415,"NPT1/2"""
SF25-350DA,SF25,350,DA,,5225,"{""0.3_0"":3956,""0.3_45"":2373,""0.3_90"":3956,""0.4_0"":5274,""0.4_45"":3165,""0.4_90"":5274,""0.5_0"":6593,""0.5_45"":3956,""0.5_90"":6593,""0.6_0"":7912,""0.6_45"":4747,""0.6_90"":7912}","{""0.3_0"":5334,""0.3_45"":2558,""0.3_90"":3605,""0.4_0"":7112,""0.4_45"":3411,""0.4_90"":4806,""0.5_0"":8891,""0.5_45"":4264,""0.5_90"":6008,""0.6_0"":10669,""0.6_45"":5116,""0.6_90"":7209}","ISO 5211 F25",592,227,150,297.5,90,118,160,415,"NPT1/2"""
SF25-400DA,SF25,400,DA,,5771,"{""0.3_0"":5036,""0.3_45"":3022,""0.3_90"":5036,""0.4_0"":6715,""0.4_45"":4029,""0.4_90"":6715,""0.5_0"":8393,""0.5_45"":5036,""0.5_90"":8393,""0.6_0"":10072,""0.6_45"":6043,""0.6_90"":10072}","{""0.3_0"":6791,""0.3_45"":3257,""0.3_90"":4589,""0.4_0"":9055,""0.4_45"":4342,""0.4_90"":6118,""0.5_0"":11318,""0.5_45"":5428,""0.5_90"":7648,""0.6_0"":13582,""0.6_45"":6513,""0.6_90"":9178}","ISO 5211 F25",597,227,150,318,90,118,160,456,"NPT3/4"""
SF25-450DA,SF25,450,DA,,6505,"{""0.3_0"":6387,""0.3_45"":3832,""0.3_90"":6387,""0.4_0"":8516,""0.4_45"":5110,""0.4_90"":8516,""0.5_0"":10645,""0.5_45"":6387,""0.5_90"":10645,""0.6_0"":12774,""0.6_45"":7664,""0.6_90"":12774}","{""0.3_0"":8613,""0.3_45"":4130,""0.3_90"":5820,""0.4_0"":11484,""0.4_45"":5507,""0.4_90"":7760,""0.5_0"":14355,""0.5_45"":6884,""0.5_90"":9700,""0.6_0"":17226,""0.6_45"":8261,""0.6_90"":11640}","ISO 5211 F25",605,227,150,348,90,118,160,516,"NPT3/4"""
SF30-450DA,SF30,450,DA,,8686,"{""0.3_0"":7790,""0.3_45"":4674,""0.3_90"":7790,""0.4_0"":10387,""0.4_45"":6232,""0.4_90"":10387,""0.5_0"":12983,""0.5_45"":7790,""0.5_90"":12983,""0.6_0"":15580,""0.6_45"":9348,""0.6_90"":15580}","{""0.3_0"":10497,""0.3_45"":5030,""0.3_90"":7092,""0.4_0"":13996,""0.4_45"":6707,""0.4_90"":9456,""0.5_0"":17495,""0.5_45"":8384,""0.5_90"":11820,""0.6_0"":20994,""0.6_45"":10061,""0.6_90"":14184}","ISO 5211 F30",715,277,175,368,110,144,176,516,"NPT3/4"""
SF30-500DA,SF30,500,DA,,9286,"{""0.3_0"":9636,""0.3_45"":5781,""0.3_90"":9636,""0.4_0"":12848,""0.4_45"":7709,""0.4_90"":12848,""0.5_0"":16060,""0.5_45"":9636,""0.5_90"":16060,""0.6_0"":19272,""0.6_45"":11563,""0.6_90"":19272}","{""0.3_0"":12985,""0.3_45"":6222,""0.3_90"":8773,""0.4_0"":17313,""0.4_45"":8296,""0.4_90"":11697,""0.5_0"":21641,""0.5_45"":10371,""0.5_90"":14621,""0.6_0"":25969,""0.6_45"":12445,""0.6_90"":17546}","ISO 5211 F30",715,277,175,395,110,144,176,570,"NPT3/4"""
SF30-550DA,SF30,550,DA,,10206,"{""0.3_0"":11676,""0.3_45"":7005,""0.3_90"":11676,""0.4_0"":15568,""0.4_45"":9340,""0.4_90"":15568,""0.5_0"":19460,""0.5_45"":11676,""0.5_90"":19460,""0.6_0"":23352,""0.6_45"":14011,""0.6_90"":23352}","{""0.3_0"":15733,""0.3_45"":7540,""0.3_90"":10630,""0.4_0"":20978,""0.4_45"":10053,""0.4_90"":14173,""0.5_0"":26222,""0.5_45"":12566,""0.5_90"":17717,""0.6_0"":31467,""0.6_45"":15079,""0.6_90"":21260}","ISO 5211 F30",715,277,175,420,110,144,176,620,"NPT3/4"""
SF35-550DA,SF35,550,DA,,14065,"{""0.3_0"":14811,""0.3_45"":8886,""0.3_90"":14811,""0.4_0"":19748,""0.4_45"":11848,""0.4_90"":19748,""0.5_0"":24685,""0.5_45"":14810,""0.5_90"":24685,""0.6_0"":29621,""0.6_45"":17773,""0.6_90"":29621}","{""0.3_0"":19922,""0.3_45"":9527,""0.3_90"":13455,""0.4_0"":26563,""0.4_45"":12703,""0.4_90"":17940,""0.5_0"":33204,""0.5_45"":15879,""0.5_90"":22425,""0.6_0"":39844,""0.6_45"":19055,""0.6_90"":26910}","ISO 5211 F35",833,334,207.5,450,140,181,194,620,"NPT3/4"""
SF35-600DA,SF35,600,DA,,15360,"{""0.3_0"":17654,""0.3_45"":10592,""0.3_90"":17654,""0.4_0"":23539,""0.4_45"":14123,""0.4_90"":23539,""0.5_0"":29424,""0.5_45"":17654,""0.5_90"":29424,""0.6_0"":35309,""0.6_45"":21185,""0.6_90"":35309}","{""0.3_0"":23747,""0.3_45"":11357,""0.3_90"":16039,""0.4_0"":31663,""0.4_45"":15142,""0.4_90"":21385,""0.5_0"":39579,""0.5_45"":18928,""0.5_90"":26731,""0.6_0"":47494,""0.6_45"":22713,""0.6_90"":32077}","ISO 5211 F35",851,334,207.5,475,140,181,194,670,"NPT1"""
SF35-700DA,SF35,700,DA,,17585,"{""0.3_0"":24084,""0.3_45"":14450,""0.3_90"":24084,""0.4_0"":32112,""0.4_45"":19267,""0.4_90"":32112,""0.5_0"":40139,""0.5_45"":24083,""0.5_90"":40139,""0.6_0"":48167,""0.6_45"":28900,""0.6_90"":48167}","{""0.3_0"":32395,""0.3_45"":15493,""0.3_90"":21879,""0.4_0"":43194,""0.4_45"":20657,""0.4_90"":29173,""0.5_0"":53992,""0.5_45"":25821,""0.5_90"":36466,""0.6_0"":64791,""0.6_45"":30985,""0.6_90"":43759}","ISO 5211 F35",851,334,207.5,525,140,181,194,770,"NPT1"""
SF40-600DA,SF40,600,DA,,19682,"{""0.3_0"":21325,""0.3_45"":12795,""0.3_90"":21325,""0.4_0"":28433,""0.4_45"":17060,""0.4_90"":28433,""0.5_0"":35542,""0.5_45"":21325,""0.5_90"":35542,""0.6_0"":42650,""0.6_45"":25590,""0.6_90"":42650}","{""0.3_0"":28706,""0.3_45"":13740,""0.3_90"":19390,""0.4_0"":38275,""0.4_45"":18320,""0.4_90"":25854,""0.5_0"":47843,""0.5_45"":22899,""0.5_90"":32317,""0.6_0"":57412,""0.6_45"":27479,""0.6_90"":38781}","ISO 5211 F40",982,401,237.5,505,170,196,216,670,"NPT1"""
SF40-700DA,SF40,700,DA,,22059,"{""0.3_0"":29132,""0.3_45"":17479,""0.3_90"":29132,""0.4_0"":38843,""0.4_45"":23305,""0.4_90"":38843,""0.5_0"":48553,""0.5_45"":29131,""0.5_90"":48553,""0.6_0"":58264,""0.6_45"":34958,""0.6_90"":58264}","{""0.3_0"":39215,""0.3_45"":18770,""0.3_90"":26489,""0.4_0"":52287,""0.4_45"":25026,""0.4_90"":35319,""0.5_0"":65358,""0.5_45"":31283,""0.5_90"":44148,""0.6_0"":78430,""0.6_45"":37539,""0.6_90"":52978}","ISO 5211 F40",982,401,237.5,555,170,196,216,770,"NPT1"""
SF40-800DA,SF40,800,DA,,25663,"{""0.3_0"":38140,""0.3_45"":22884,""0.3_90"":38140,""0.4_0"":50853,""0.4_45"":30511,""0.4_90"":50853,""0.5_0"":63567,""0.5_45"":38139,""0.5_90"":63567,""0.6_0"":76280,""0.6_45"":45767,""0.6_90"":76280}","{""0.3_0"":51341,""0.3_45"":24574,""0.3_90"":34680,""0.4_0"":68455,""0.4_45"":32765,""0.4_90"":46240,""0.5_0"":85568,""0.5_45"":40956,""0.5_90"":57800,""0.6_0"":102682,""0.6_45"":49147,""0.6_90"":69360}","ISO 5211 F40",986,401,237.5,610,170,196,216,880,"NPT1.1/2"""
SF48-800DA,SF48,800,DA,,31284,"{""0.3_0"":44819,""0.3_45"":26891,""0.3_90"":44819,""0.4_0"":59759,""0.4_45"":35855,""0.4_90"":59759,""0.5_0"":74699,""0.5_45"":44819,""0.5_90"":74699,""0.6_0"":89639,""0.6_45"":53782,""0.6_90"":89639}","{""0.3_0"":60592,""0.3_45"":29141,""0.3_90"":40966,""0.4_0"":80789,""0.4_45"":38855,""0.4_90"":54622,""0.5_0"":100987,""0.5_45"":48569,""0.5_90"":68277,""0.6_0"":121184,""0.6_45"":58282,""0.6_90"":81933}","ISO 5211 F48",1131,455,280,640,200,224,243,880,"NPT1.1/2"""
SF48-900DA,SF48,900,DA,,35684,"{""0.3_0"":56830,""0.3_45"":34097,""0.3_90"":56830,""0.4_0"":75773,""0.4_45"":45463,""0.4_90"":75773,""0.5_0"":94717,""0.5_45"":56829,""0.5_90"":94717,""0.6_0"":113660,""0.6_45"":68195,""0.6_90"":113660}","{""0.3_0"":76830,""0.3_45"":36950,""0.3_90"":51945,""0.4_0"":102439,""0.4_45"":49267,""0.4_90"":69260,""0.5_0"":128049,""0.5_45"":61584,""0.5_90"":86575,""0.6_0"":153659,""0.6_45"":73901,""0.6_90"":103889}","ISO 5211 F48",1151,455,280,695,200,224,243,990,"NPT2"""
SF48-1000DA,SF48,1000,DA,,39474,"{""0.3_0"":70254,""0.3_45"":42152,""0.3_90"":70254,""0.4_0"":93672,""0.4_45"":56202,""0.4_90"":93672,""0.5_0"":117090,""0.5_45"":70253,""0.5_90"":117090,""0.6_0"":140508,""0.6_45"":84303,""0.6_90"":140508}","{""0.3_0"":94977,""0.3_45"":45678,""0.3_90"":64215,""0.4_0"":126637,""0.4_45"":60905,""0.4_90"":85619,""0.5_0"":158296,""0.5_45"":76131,""0.5_90"":107024,""0.6_0"":189955,""0.6_45"":91357,""0.6_90"":128429}","ISO 5211 F48",1151,455,280,745,200,224,243,1090,"NPT2"""
SF60-800DA,SF60,800,DA,,42504,"{""0.3_0"":60270,""0.3_45"":36161,""0.3_90"":60270,""0.4_0"":80360,""0.4_45"":48215,""0.4_90"":80360,""0.5_0"":100450,""0.5_45"":60269,""0.5_90"":100450,""0.6_0"":120540,""0.6_45"":72323,""0.6_90"":120540}","{""0.3_0"":80794,""0.3_45"":38487,""0.3_90"":54523,""0.4_0"":107725,""0.4_45"":51317,""0.4_90"":72698,""0.5_0"":134657,""0.5_45"":64146,""0.5_90"":90872,""0.6_0"":161588,""0.6_45"":76975,""0.6_90"":109046}","ISO 5211 F60",1395,567,343,710,270,230,258,880,"NPT1.1/2"""
SF60-900DA,SF60,900,DA,,47104,"{""0.3_0"":76485,""0.3_45"":45890,""0.3_90"":76485,""0.4_0"":101979,""0.4_45"":61186,""0.4_90"":101979,""0.5_0"":127474,""0.5_45"":76483,""0.5_90"":127474,""0.6_0"":152969,""0.6_45"":91780,""0.6_90"":152969}","{""0.3_0"":102530,""0.3_45"":48842,""0.3_90"":69192,""0.4_0"":136707,""0.4_45"":65122,""0.4_90"":92255,""0.5_0"":170883,""0.5_45"":81403,""0.5_90"":115319,""0.6_0"":205060,""0.6_45"":97683,""0.6_90"":138383}","ISO 5211 F60",1415,567,343,765,270,230,258,990,"NPT2"""
SF60-1000DA,SF60,1000,DA,,51118,"{""0.3_0"":94607,""0.3_45"":56763,""0.3_90"":94607,""0.4_0"":126142,""0.4_45"":75684,""0.4_90"":126142,""0.5_0"":157678,""0.5_45"":94605,""0.5_90"":157678,""0.6_0"":189213,""0.6_45"":113526,""0.6_90"":189213}","{""0.3_0"":126823,""0.3_45"":60414,""0.3_90"":85586,""0.4_0"":169098,""0.4_45"":80552,""0.4_90"":114114,""0.5_0"":211372,""0.5_45"":100690,""0.5_90"":142643,""0.6_0"":253646,""0.6_45"":120828,""0.6_90"":171171}","ISO 5211 F60",1415,567,343,815,270,230,258,1090,"NPT2"""
SF60-1100DA,SF60,1100,DA,,55194,"{""0.3_0"":114636,""0.3_45"":68780,""0.3_90"":114636,""0.4_0"":152848,""0.4_45"":91707,""0.4_90"":152848,""0.5_0"":191060,""0.5_45"":114634,""0.5_90"":191060,""0.6_0"":229272,""0.6_45"":137561,""0.6_90"":229272}","{""0.3_0"":153674,""0.3_45"":73205,""0.3_90"":103705,""0.4_0"":204898,""0.4_45"":97606,""0.4_90"":138274,""0.5_0"":256123,""0.5_45"":122008,""0.5_90"":172842,""0.6_0"":307347,""0.6_45"":146410,""0.6_90"":207411}","ISO 5211 F60",1415,567,343,865,270,230,258,1190,"NPT2"""SF10-150SR3,SF10,150,SR,SR3,1716,"{""sst"":187,""srt"":91,""set"":118,""ast_0.3"":183,""art_0.3"":89,""aet_0.3"":115,""ast_0.4"":293,""art_0.4"":155,""aet_0.4"":225,""ast_0.5"":396,""art_0.5"":217,""aet_0.5"":328}","{""sst"":162,""srt"":100,""set"":152,""ast_0.3"":260,""art_0.3"":100,""aet_0.3"":113,""ast_0.4"":399,""art_0.4"":167,""aet_0.4"":207,""ast_0.5"":538,""art_0.5"":234,""aet_0.5"":301}","ISO 5211 F10",350,467,76,143.5,40,82,100,207,"NPT1/4"""
SF10-150SR4,SF10,150,SR,SR4,1735,"{""sst"":230,""srt"":115,""set"":153,""ast_0.3"":155,""art_0.3"":70,""aet_0.3"":78,""ast_0.4"":250,""art_0.4"":127,""aet_0.4"":173,""ast_0.5"":361,""art_0.5"":193,""aet_0.5"":284}","{""sst"":200,""srt"":125,""set"":197,""ast_0.3"":214,""art_0.3"":75,""aet_0.3"":74,""ast_0.4"":353,""art_0.4"":142,""aet_0.4"":168,""ast_0.5"":492,""art_0.5"":208,""aet_0.5"":262}","ISO 5211 F10",350,467,76,143.5,40,82,100,207,"NPT1/4"""
SF10-150SR5,SF10,150,SR,SR5,1759,"{""sst"":293,""srt"":148,""set"":201,""ast_0.3"":210,""art_0.3"":98,""aet_0.3"":118,""ast_0.4"":303,""art_0.4"":154,""aet_0.4"":211,""ast_0.5"":416,""art_0.5"":222,""aet_0.5"":324}","{""sst"":253,""srt"":161,""set"":257,""ast_0.3"":290,""art_0.3"":106,""aet_0.3"":111,""ast_0.4"":429,""art_0.4"":173,""aet_0.4"":205,""ast_0.5"":568,""art_0.5"":239,""aet_0.5"":299}","ISO 5211 F10",350,467,76,143.5,40,82,100,207,"NPT1/4"""
SF10-150SR6,SF10,150,SR,SR6,1904,"{""sst"":383,""srt"":193,""set"":260,""ast_0.3"":254,""art_0.3"":115,""aet_0.3"":131,""ast_0.4"":345,""art_0.4"":170,""aet_0.4"":222,""ast_0.5"":464,""art_0.5"":239,""aet_0.5"":343}","{""sst"":331,""srt"":209,""set"":333,""ast_0.3"":351,""art_0.3"":124,""aet_0.3"":124,""ast_0.4"":490,""art_0.4"":191,""aet_0.4"":218,""ast_0.5"":629,""art_0.5"":258,""aet_0.5"":312}","ISO 5211 F10",350,467,76,143.5,40,82,100,207,"NPT1/4"""
SF10-170SR3,SF10,170,SR,SR3,1903,"{""sst"":230,""srt"":115,""set"":153,""ast_0.3"":237,""art_0.3"":119,""aet_0.3"":161,""ast_0.4"":379,""art_0.4"":204,""aet_0.4"":302,""ast_0.5"":512,""art_0.5"":284,""aet_0.5"":435}","{""sst"":200,""srt"":125,""set"":197,""ast_0.3"":336,""art_0.3"":133,""aet_0.3"":156,""ast_0.4"":515,""art_0.4"":220,""aet_0.4"":278,""ast_0.5"":695,""art_0.5"":306,""aet_0.5"":399}","ISO 5211 F10",350,467,76,155.5,40,82,100,231,"NPT3/8"""
SF10-170SR4,SF10,170,SR,SR4,1927,"{""sst"":293,""srt"":148,""set"":201,""ast_0.3"":198,""art_0.3"":91,""aet_0.3"":106,""ast_0.4"":320,""art_0.4"":164,""aet_0.4"":228,""ast_0.5"":464,""art_0.5"":251,""aet_0.5"":372}","{""sst"":253,""srt"":161,""set"":257,""ast_0.3"":273,""art_0.3"":98,""aet_0.3"":100,""ast_0.4"":453,""art_0.4"":184,""aet_0.4"":221,""ast_0.5"":632,""art_0.5"":270,""aet_0.5"":343}","ISO 5211 F10",350,467,76,155.5,40,82,100,231,"NPT3/8"""
SF10-170SR5,SF10,170,SR,SR5,2073,"{""sst"":383,""srt"":193,""set"":260,""ast_0.3"":271,""art_0.3"":126,""aet_0.3"":149,""ast_0.4"":391,""art_0.4"":198,""aet_0.4"":269,""ast_0.5"":538,""art_0.5"":286,""aet_0.5"":415}","{""sst"":331,""srt"":209,""set"":333,""ast_0.3"":374,""art_0.3"":135,""aet_0.3"":140,""ast_0.4"":554,""art_0.4"":222,""aet_0.4"":262,""ast_0.5"":734,""art_0.5"":308,""aet_0.5"":383}","ISO 5211 F10",350,467,76,155.5,40,82,100,231,"NPT3/8"""
SF10-170SR6,SF10,170,SR,SR6,2116,"{""sst"":489,""srt"":242,""set"":319,""ast_0.3"":346,""art_0.3"":156,""aet_0.3"":175,""ast_0.4"":463,""art_0.4"":227,""aet_0.4"":293,""ast_0.5"":617,""art_0.5"":316,""aet_0.5"":448}","{""sst"":423,""srt"":263,""set"":407,""ast_0.3"":477,""art_0.3"":168,""aet_0.3"":166,""ast_0.4"":657,""art_0.4"":254,""aet_0.4"":287,""ast_0.5"":836,""art_0.5"":340,""aet_0.5"":409}","ISO 5211 F10",350,467,76,155.5,40,82,100,231,"NPT3/8"""
SF12-170SR3,SF12,170,SR,SR3,2239,"{""sst"":285,""srt"":141,""set"":187,""ast_0.3"":299,""art_0.3"":150,""aet_0.3"":201,""ast_0.4"":478,""art_0.4"":257,""aet_0.4"":380,""ast_0.5"":645,""art_0.5"":357,""aet_0.5"":546}","{""sst"":247,""srt"":157,""set"":239,""ast_0.3"":431,""art_0.3"":173,""aet_0.3"":201,""ast_0.4"":658,""art_0.4"":283,""aet_0.4"":354,""ast_0.5"":885,""art_0.5"":393,""aet_0.5"":508}","ISO 5211 F12",391,510,82,165.5,50,84,110,231,"NPT3/8"""
SF12-170SR4,SF12,170,SR,SR4,2263,"{""sst"":369,""srt"":184,""set"":246,""ast_0.3"":252,""art_0.3"":114,""aet_0.3"":129,""ast_0.4"":402,""art_0.4"":204,""aet_0.4"":278,""ast_0.5"":585,""art_0.5"":314,""aet_0.5"":462}","{""sst"":320,""srt"":205,""set"":315,""ast_0.3"":352,""art_0.3"":125,""aet_0.3"":124,""ast_0.4"":578,""art_0.4"":235,""aet_0.4"":277,""ast_0.5"":805,""art_0.5"":345,""aet_0.5"":431}","ISO 5211 F12",391,510,82,165.5,50,84,110,231,"NPT3/8"""
SF12-170SR5,SF12,170,SR,SR5,2375,"{""sst"":487,""srt"":244,""set"":327,""ast_0.3"":338,""art_0.3"":155,""aet_0.3"":178,""ast_0.4"":483,""art_0.4"":242,""aet_0.4"":323,""ast_0.5"":671,""art_0.5"":354,""aet_0.5"":511}","{""sst"":422,""srt"":270,""set"":419,""ast_0.3"":470,""art_0.3"":169,""aet_0.3"":170,""ast_0.4"":697,""art_0.4"":279,""aet_0.4"":324,""ast_0.5"":924,""art_0.5"":389,""aet_0.5"":477}","ISO 5211 F12",391,510,82,165.5,50,84,110,231,"NPT3/8"""
SF12-170SR6,SF12,170,SR,SR6,2409,"{""sst"":526,""srt"":267,""set"":364,""ast_0.3"":467,""art_0.3"":232,""aet_0.3"":305,""ast_0.4"":608,""art_0.4"":316,""aet_0.4"":446,""ast_0.5"":805,""art_0.5"":432,""aet_0.5"":645}","{""sst"":456,""srt"":295,""set"":466,""ast_0.3"":648,""art_0.3"":255,""aet_0.3"":288,""ast_0.4"":874,""art_0.4"":365,""aet_0.4"":442,""ast_0.5"":1101,""art_0.5"":474,""aet_0.5"":595}","ISO 5211 F12",391,510,82,165.5,50,84,110,231,"NPT3/8"""
SF12-200SR3,SF12,200,SR,SR3,2406,"{""sst"":369,""srt"":184,""set"":246,""ast_0.3"":432,""art_0.3"":222,""aet_0.3"":308,""ast_0.4"":680,""art_0.4"":371,""aet_0.4"":557,""ast_0.5"":912,""art_0.5"":510,""aet_0.5"":789}","{""sst"":320,""srt"":205,""set"":315,""ast_0.3"":352,""art_0.3"":125,""aet_0.3"":124,""ast_0.4"":578,""art_0.4"":235,""aet_0.4"":277,""ast_0.5"":805,""art_0.5"":345,""aet_0.5"":431}","ISO 5211 F12",391,510,82,165.5,50,84,110,255,"NPT3/8"""
SF12-200SR4,SF12,200,SR,SR4,2572,"{""sst"":526,""srt"":267,""set"":364,""ast_0.3"":330,""art_0.3"":149,""aet_0.3"":168,""ast_0.4"":540,""art_0.4"":275,""aet_0.4"":378,""ast_0.5"":794,""art_0.5"":428,""aet_0.5"":632}","{""sst"":456,""srt"":295,""set"":466,""ast_0.3"":194,""art_0.3"":35,""aet_0.3"":-19,""ast_0.4"":421,""art_0.4"":145,""aet_0.4"":135,""ast_0.5"":648,""art_0.5"":255,""aet_0.5"":288}","ISO 5211 F12",391,510,82,165.5,50,84,110,255,"NPT3/8"""
SF12-200SR5,SF12,200,SR,SR5,2625,"{""sst"":699,""srt"":346,""set"":454,""ast_0.3"":473,""art_0.3"":71,""aet_0.3"":227,""ast_0.4"":677,""art_0.4"":332,""aet_0.4"":431,""ast_0.5"":936,""art_0.5"":488,""aet_0.5"":691}","{""sst"":606,""srt"":383,""set"":580,""ast_0.3"":302,""art_0.3"":56,""aet_0.3"":-23,""ast_0.4"":529,""art_0.4"":166,""aet_0.4"":130,""ast_0.5"":756,""art_0.5"":276,""aet_0.5"":284}","ISO 5211 F12",391,510,82,165.5,50,84,110,255,"NPT3/8"""
SF12-200SR6,SF12,200,SR,SR6,2852,"{""sst"":818,""srt"":407,""set"":541,""ast_0.3"":617,""art_0.3"":287,""aet_0.3"":340,""ast_0.4"":816,""art_0.4"":406,""aet_0.4"":538,""ast_0.5"":631,""art_0.5"":291,""aet_0.5"":357}","{""sst"":709,""srt"":451,""set"":691,""ast_0.3"":413,""art_0.3"":98,""aet_0.3"":22,""ast_0.4"":640,""art_0.4"":208,""aet_0.4"":176,""ast_0.5"":866,""art_0.5"":318,""aet_0.5"":329}","ISO 5211 F12",391,510,82,165.5,50,84,110,255,"NPT3/8"""
SF14-200SR3,SF14,200,SR,SR3,2895,"{""sst"":511,""srt"":254,""set"":307,""ast_0.3"":523,""art_0.3"":261,""aet_0.3"":318,""ast_0.4"":801,""art_0.4"":419,""aet_0.4"":596,""ast_0.5"":1078,""art_0.5"":585,""aet_0.5"":873}","{""sst"":442,""srt"":268,""set"":391,""ast_0.3"":718,""art_0.3"":271,""aet_0.3"":297,""ast_0.4"":1093,""art_0.4"":451,""aet_0.4"":550,""ast_0.5"":1467,""art_0.5"":631,""aet_0.5"":803}","ISO 5211 F14",446,618,89,188,60,95,121,255,"NPT3/8"""
SF14-200SR4,SF14,200,SR,SR4,2976,"{""sst"":679,""srt"":346,""set"":436,""ast_0.3"":391,""art_0.3"":162,""aet_0.3"":151,""ast_0.4"":671,""art_0.4"":341,""aet_0.4"":428,""ast_0.5"":945,""art_0.5"":495,""aet_0.5"":705}","{""sst"":587,""srt"":366,""set"":561,""ast_0.3"":542,""art_0.3"":174,""aet_0.3"":146,""ast_0.4"":916,""art_0.4"":354,""aet_0.4"":399,""ast_0.5"":1291,""art_0.5"":534,""aet_0.5"":652}","ISO 5211 F14",446,618,89,188,60,95,121,255,"NPT3/8"""
SF14-200SR5,SF14,200,SR,SR5,3280,"{""sst"":789,""srt"":402,""set"":506,""ast_0.3"":597,""art_0.3"":276,""aet_0.3"":324,""ast_0.4"":877,""art_0.4"":456,""aet_0.4"":594,""ast_0.5"":1151,""art_0.5"":609,""aet_0.5"":878}","{""sst"":677,""srt"":425,""set"":662,""ast_0.3"":812,""art_0.3"":295,""aet_0.3"":306,""ast_0.4"":1186,""art_0.4"":475,""aet_0.4"":559,""ast_0.5"":1561,""art_0.5"":655,""aet_0.5"":812}","ISO 5211 F14",446,618,89,188,60,95,121,255,"NPT3/8"""
SF14-200SR6,SF14,200,SR,SR6,3415,"{""sst"":1028,""srt"":512,""set"":623,""ast_0.3"":711,""art_0.3"":316,""aet_0.3"":344,""ast_0.4"":1037,""art_0.4"":518,""aet_0.4"":633,""ast_0.5"":1274,""art_0.5"":649,""aet_0.5"":911}","{""sst"":900,""srt"":560,""set"":859,""ast_0.3"":982,""art_0.3"":339,""aet_0.3"":326,""ast_0.4"":1356,""art_0.4"":519,""aet_0.4"":579,""ast_0.5"":1731,""art_0.5"":699,""aet_0.5"":832}","ISO 5211 F14",446,618,89,188,60,95,121,255,"NPT3/8"""
SF14-250SR3,SF14,250,SR,SR3,3652,"{""sst"":789,""srt"":402,""set"":506,""ast_0.3"":791,""art_0.3"":403,""aet_0.3"":508,""ast_0.4"":1233,""art_0.4"":658,""aet_0.4"":960,""ast_0.5"":1669,""art_0.5"":919,""aet_0.5"":1396}","{""sst"":677,""srt"":425,""set"":662,""ast_0.3"":1140,""art_0.3"":452,""aet_0.3"":527,""ast_0.4"":1748,""art_0.4"":745,""aet_0.4"":938,""ast_0.5"":2356,""art_0.5"":1037,""aet_0.5"":1350}","ISO 5211 F14",446,618,89,215,60,95,121,310,"NPT1/2"""
SF14-250SR4,SF14,250,SR,SR4,3786,"{""sst"":1079,""srt"":543,""set"":674,""ast_0.3"":634,""art_0.3"":270,""aet_0.3"":267,""ast_0.4"":1056,""art_0.4"":530,""aet_0.4"":651,""ast_0.5"":1506,""art_0.5"":793,""aet_0.5"":1139}","{""sst"":899,""srt"":560,""set"":859,""ast_0.3"":935,""art_0.3"":317,""aet_0.3"":295,""ast_0.4"":1544,""art_0.4"":609,""aet_0.4"":706,""ast_0.5"":2152,""art_0.5"":902,""aet_0.5"":1117}","ISO 5211 F14",446,618,89,215,60,95,121,310,"NPT1/2"""
SF14-250SR5,SF14,250,SR,SR5,3840,"{""sst"":1345,""srt"":670,""set"":815,""ast_0.3"":917,""art_0.3"":412,""aet_0.3"":448,""ast_0.4"":1347,""art_0.4"":671,""aet_0.4"":818,""ast_0.5"":1798,""art_0.5"":935,""aet_0.5"":1320}","{""sst"":1119,""srt"":693,""set"":1052,""ast_0.3"":1343,""art_0.3"":476,""aet_0.3"":477,""ast_0.4"":1952,""art_0.4"":769,""aet_0.4"":888,""ast_0.5"":2560,""art_0.5"":1061,""aet_0.5"":1299}","ISO 5211 F14",446,618,89,215,60,95,121,310,"NPT1/2"""
SF14-250SR6,SF14,250,SR,SR6,3923,"{""sst"":1477,""srt"":752,""set"":948,""ast_0.3"":1223,""art_0.3"":577,""aet_0.3"":702,""ast_0.4"":1648,""art_0.4"":857,""aet_0.4"":1118,""ast_0.5"":2207,""art_0.5"":1161,""aet_0.5"":1692}","{""sst"":1281,""srt"":775,""set"":1227,""ast_0.3"":1666,""art_0.3"":641,""aet_0.3"":723,""ast_0.4"":2275,""art_0.4"":933,""aet_0.4"":1134,""ast_0.5"":2883,""art_0.5"":1225,""aet_0.5"":1546}","ISO 5211 F14",446,618,89,215,60,95,121,310,"NPT1/2"""
SF14-300SR3,SF14,300,SR,SR3,4162,"{""sst"":1079,""srt"":543,""set"":674,""ast_0.3"":1194,""art_0.3"":615,""aet_0.3"":790,""ast_0.4"":1847,""art_0.4"":998,""aet_0.4"":1480,""ast_0.5"":2477,""art_0.5"":1376,""aet_0.5"":2110}","{""sst"":899,""srt"":560,""set"":859,""ast_0.3"":1752,""art_0.3"":709,""aet_0.3"":847,""ast_0.4"":2632,""art_0.4"":1132,""aet_0.4"":1442,""ast_0.5"":3513,""art_0.5"":1556,""aet_0.5"":2037}","ISO 5211 F14",446,618,89,242.5,60,95,121,356,"NPT1/2"""
SF14-300SR4,SF14,300,SR,SR4,4346,"{""sst"":1477,""srt"":752,""set"":948,""ast_0.3"":934,""art_0.3"":404,""aet_0.3"":412,""ast_0.4"":1544,""art_0.4"":793,""aet_0.4"":1015,""ast_0.5"":2195,""art_0.5"":1160,""aet_0.5"":1673}","{""sst"":1277,""srt"":795,""set"":1219,""ast_0.3"":1378,""art_0.3"":474,""aet_0.3"":453,""ast_0.4"":2259,""art_0.4"":897,""aet_0.4"":1048,""ast_0.5"":3139,""art_0.5"":1321,""aet_0.5"":1643}","ISO 5211 F14",446,618,89,242.5,60,95,121,356,"NPT1/2"""
SF14-300SR5,SF14,300,SR,SR5,4668,"{""sst"":1880,""srt"":957,""set"":1206,""ast_0.3"":1337,""art_0.3"":609,""aet_0.3"":692,""ast_0.4"":1908,""art_0.4"":975,""aet_0.4"":1235,""ast_0.5"":2598,""art_0.5"":1365,""aet_0.5"":1953}","{""sst"":1580,""srt"":984,""set"":1509,""ast_0.3"":1959,""art_0.3"":709,""aet_0.3"":732,""ast_0.4"":2840,""art_0.4"":1132,""aet_0.4"":1327,""ast_0.5"":3720,""art_0.5"":1555,""aet_0.5"":1922}","ISO 5211 F14",446,618,89,242.5,60,95,121,356,"NPT1/2"""
SF14-300SR6,SF14,300,SR,SR6,4884,"{""sst"":2291,""srt"":1162,""set"":1458,""ast_0.3"":1661,""art_0.3"":741,""aet_0.3"":810,""ast_0.4"":2280,""art_0.4"":1156,""aet_0.4"":1447,""ast_0.5"":3090,""art_0.5"":1588,""aet_0.5"":2250}","{""sst"":2022,""srt"":1252,""set"":1899,""ast_0.3"":2435,""art_0.3"":864,""aet_0.3"":864,""ast_0.4"":3315,""art_0.4"":1287,""aet_0.4"":1459,""ast_0.5"":4196,""art_0.5"":1710,""aet_0.5"":2055}","ISO 5211 F14",446,618,89,242.5,60,95,121,356,"NPT1/2"""SF16-250SR3,SF16,250,SR,SR3,4236,"{""sst"":1092,""srt"":508,""set"":607,""ast_0.3"":1014,""art_0.3"":498,""aet_0.3"":529,""ast_0.4"":1563,""art_0.4"":810,""aet_0.4"":1139,""ast_0.5"":2106,""art_0.5"":1136,""aet_0.5"":1682}","{""sst"":891,""srt"":534,""set"":773,""ast_0.3"":1467,""art_0.3"":551,""aet_0.3"":603,""ast_0.4"":2222,""art_0.4"":912,""aet_0.4"":1113,""ast_0.5"":2977,""art_0.5"":1274,""aet_0.5"":1623}","ISO 5211 F16",513,774,105,230,75,107,139,310,"NPT1/2"""
SF16-250SR4,SF16,250,SR,SR4,4598,"{""sst"":1281,""srt"":651,""set"":818,""ast_0.3"":807,""art_0.3"":339,""aet_0.3"":324,""ast_0.4"":1345,""art_0.4"":691,""aet_0.4"":882,""ast_0.5"":1893,""art_0.5"":990,""aet_0.5"":1409}","{""sst"":1126,""srt"":690,""set"":1046,""ast_0.3"":1185,""art_0.3"":394,""aet_0.3"":358,""ast_0.4"":1940,""art_0.4"":756,""aet_0.4"":868,""ast_0.5"":2695,""art_0.5"":1117,""aet_0.5"":1378}","ISO 5211 F16",513,774,105,230,75,107,139,310,"NPT1/2"""
SF16-250SR5,SF16,250,SR,SR5,4625,"{""sst"":1553,""srt"":795,""set"":1011,""ast_0.3"":1159,""art_0.3"":533,""aet_0.3"":617,""ast_0.4"":1692,""art_0.4"":881,""aet_0.4"":1150,""ast_0.5"":2245,""art_0.5"":1184,""aet_0.5"":1703}","{""sst"":1359,""srt"":844,""set"":1306,""ast_0.3"":1940,""art_0.3"":602,""aet_0.3"":627,""ast_0.4"":2695,""art_0.4"":963,""aet_0.4"":1137,""ast_0.5"":3450,""art_0.5"":1325,""aet_0.5"":1647}","ISO 5211 F16",513,774,105,230,75,107,139,310,"NPT1/2"""
SF16-250SR6,SF16,250,SR,SR6,4829,"{""sst"":1896,""srt"":968,""set"":1227,""ast_0.3"":1487,""art_0.3"":699,""aet_0.3"":844,""ast_0.4"":2018,""art_0.4"":1043,""aet_0.4"":1348,""ast_0.5"":2713,""art_0.5"":1426,""aet_0.5"":2078}","{""sst"":1615,""srt"":1004,""set"":1564,""ast_0.3"":2160,""art_0.3"":804,""aet_0.3"":870,""ast_0.4"":2915,""art_0.4"":1165,""aet_0.4"":1380,""ast_0.5"":3670,""art_0.5"":1527,""aet_0.5"":1890}","ISO 5211 F16",513,774,105,230,75,107,139,310,"NPT1/2"""
SF16-300SR3,SF16,300,SR,SR3,5027,"{""sst"":1434,""srt"":721,""set"":892,""ast_0.3"":1444,""art_0.3"":727,""aet_0.3"":902,""ast_0.4"":2250,""art_0.4"":1979,""aet_0.4"":1708,""ast_0.5"":3036,""art_0.5"":1659,""aet_0.5"":2423}","{""sst"":1238,""srt"":756,""set"":1136,""ast_0.3"":2109,""art_0.3"":816,""aet_0.3"":929,""ast_0.4"":3203,""art_0.4"":1339,""aet_0.4"":1668,""ast_0.5"":4297,""art_0.5"":1863,""aet_0.5"":2407}","ISO 5211 F16",513,774,105,257.5,75,107,139,365,"NPT1/2"""
SF16-300SR4,SF16,300,SR,SR4,5232,"{""sst"":1896,""srt"":968,""set"":1227,""ast_0.3"":1130,""art_0.3"":485,""aet_0.3"":486,""ast_0.4"":1888,""art_0.4"":963,""aet_0.4"":1219,""ast_0.5"":2701,""art_0.5"":1428,""aet_0.5"":2058}","{""sst"":1615,""srt"":1004,""set"":1564,""ast_0.3"":1667,""art_0.3"":568,""aet_0.3"":537,""ast_0.4"":2761,""art_0.4"":1091,""aet_0.4"":1276,""ast_0.5"":3855,""art_0.5"":1615,""aet_0.5"":2015}","ISO 5211 F16",513,774,105,257.5,75,107,139,365,"NPT1/2"""
SF16-300SR5,SF16,300,SR,SR5,5712,"{""sst"":2421,""srt"":1202,""set"":1455,""ast_0.3"":1626,""art_0.3"":744,""aet_0.3"":855,""ast_0.4"":2438,""art_0.4"":1213,""aet_0.4"":1472,""ast_0.5"":3197,""art_0.5"":1687,""aet_0.5"":2426}","{""sst"":1975,""srt"":1232,""set"":1934,""ast_0.3"":2379,""art_0.3"":863,""aet_0.3"":901,""ast_0.4"":3473,""art_0.4"":1387,""aet_0.4"":1640,""ast_0.5"":4567,""art_0.5"":1910,""aet_0.5"":2379}","ISO 5211 F16",513,774,105,257.5,75,107,139,365,"NPT1/2"""
SF16-300SR6,SF16,300,SR,SR6,5846,"{""sst"":2595,""srt"":1310,""set"":1629,""ast_0.3"":2264,""art_0.3"":1071,""aet_0.3"":1305,""ast_0.4"":3044,""art_0.4"":1588,""aet_0.4"":2077,""ast_0.5"":4045,""art_0.5"":2126,""aet_0.5"":3097}","{""sst"":2265,""srt"":1391,""set"":2119,""ast_0.3"":3282,""art_0.3"":1227,""aet_0.3"":1339,""ast_0.4"":4376,""art_0.4"":1751,""aet_0.4"":2078,""ast_0.5"":5470,""art_0.5"":2275,""aet_0.5"":2817}","ISO 5211 F16",513,774,105,257.5,75,107,139,365,"NPT1/2"""
SF16-350SR3,SF16,350,SR,SR3,5685,"{""sst"":1896,""srt"":968,""set"":1227,""ast_0.3"":1953,""art_0.3"":1038,""aet_0.3"":1283,""ast_0.4"":3063,""art_0.4"":1645,""aet_0.4"":2420,""ast_0.5"":4136,""art_0.5"":2289,""aet_0.5"":3493}","{""sst"":1615,""srt"":1004,""set"":1564,""ast_0.3"":2844,""art_0.3"":1131,""aet_0.3"":1332,""ast_0.4"":4330,""art_0.4"":1843,""aet_0.4"":2337,""ast_0.5"":5817,""art_0.5"":2555,""aet_0.5"":3341}","ISO 5211 F16",513,774,105,282.5,75,107,139,415,"NPT1/2"""
SF16-350SR4,SF16,350,SR,SR4,6300,"{""sst"":2595,""srt"":1310,""set"":1629,""ast_0.3"":1554,""art_0.3"":644,""aet_0.3"":594,""ast_0.4"":2611,""art_0.4"":1327,""aet_0.4"":1645,""ast_0.5"":3700,""art_0.5"":1932,""aet_0.5"":2740}","{""sst"":2265,""srt"":1391,""set"":2119,""ast_0.3"":2271,""art_0.3"":743,""aet_0.3"":656,""ast_0.4"":3757,""art_0.4"":1455,""aet_0.4"":1660,""ast_0.5"":5244,""art_0.5"":2167,""aet_0.5"":2664}","ISO 5211 F16",513,774,105,282.5,75,107,139,415,"NPT1/2"""
SF16-350SR5,SF16,350,SR,SR5,6596,"{""sst"":3194,""srt"":1637,""set"":2085,""ast_0.3"":2166,""art_0.3"":941,""aet_0.3"":971,""ast_0.4"":3215,""art_0.4"":1744,""aet_0.4"":2106,""ast_0.5"":4312,""art_0.5"":2228,""aet_0.5"":3116}","{""sst"":2866,""srt"":1766,""set"":2707,""ast_0.3"":3151,""art_0.3"":1080,""aet_0.3"":1035,""ast_0.4"":4637,""art_0.4"":1792,""aet_0.4"":2039,""ast_0.5"":6123,""art_0.5"":2504,""aet_0.5"":3043}","ISO 5211 F16",513,774,105,282.5,75,107,139,415,"NPT1/2"""
SF16-350SR6,SF16,350,SR,SR6,6839,"{""sst"":3858,""srt"":1954,""set"":2446,""ast_0.3"":2878,""art_0.3"":1294,""aet_0.3"":1435,""ast_0.4"":3914,""art_0.4"":2102,""aet_0.4"":2502,""ast_0.5"":5273,""art_0.5"":2712,""aet_0.5"":3848}","{""sst"":3391,""srt"":2082,""set"":3165,""ast_0.3"":4164,""art_0.3"":1477,""aet_0.3"":1492,""ast_0.4"":5650,""art_0.4"":2188,""aet_0.4"":2496,""ast_0.5"":7136,""art_0.5"":2900,""aet_0.5"":3501}","ISO 5211 F16",513,774,105,282.5,75,107,139,415,"NPT1/2"""
SF25-350SR3,SF25,350,SR,SR3,7555,"{""sst"":2249,""srt"":1153,""set"":1470,""ast_0.3"":2346,""art_0.3"":1255,""aet_0.3"":1567,""ast_0.4"":3660,""art_0.4"":1963,""aet_0.4"":2882,""ast_0.5"":4943,""art_0.5"":2732,""aet_0.5"":4165}","{""sst"":1942,""srt"":1209,""set"":1931,""ast_0.3"":3338,""art_0.3"":1349,""aet_0.3"":1581,""ast_0.4"":5116,""art_0.4"":2201,""aet_0.4"":2783,""ast_0.5"":6894,""art_0.5"":3054,""aet_0.5"":3984}","ISO 5211 F25",592,940,150,297.5,90,118,160,415,"NPT1/2"""
SF25-350SR4,SF25,350,SR,SR4,8015,"{""sst"":2996,""srt"":1517,""set"":1895,""ast_0.3"":1907,""art_0.3"":788,""aet_0.3"":722,""ast_0.4"":3193,""art_0.4"":1706,""aet_0.4"":2092,""ast_0.5"":4472,""art_0.5"":2328,""aet_0.5"":3288}","{""sst"":2700,""srt"":1651,""set"":2472,""ast_0.3"":2779,""art_0.3"":907,""aet_0.3"":792,""ast_0.4"":4557,""art_0.4"":1760,""aet_0.4"":1993,""ast_0.5"":6335,""art_0.5"":2612,""aet_0.5"":3195}","ISO 5211 F25",592,940,150,297.5,90,118,160,415,"NPT1/2"""
SF25-350SR5,SF25,350,SR,SR5,8500,"{""sst"":3960,""srt"":2013,""set"":2534,""ast_0.3"":2689,""art_0.3"":1149,""aet_0.3"":1143,""ast_0.4"":3826,""art_0.4"":2044,""aet_0.4"":2400,""ast_0.5"":5255,""art_0.5"":2689,""aet_0.5"":3709}","{""sst"":3443,""srt"":2096,""set"":3108,""ast_0.3"":3899,""art_0.3"":1315,""aet_0.3"":1218,""ast_0.4"":5677,""art_0.4"":2167,""aet_0.4"":2420,""ast_0.5"":7456,""art_0.5"":3020,""aet_0.5"":3621}","ISO 5211 F25",592,940,150,297.5,90,118,160,415,"NPT1/2"""
SF25-350SR6,SF25,350,SR,SR6,8635,"{""sst"":4955,""srt"":2466,""set"":2999,""ast_0.3"":3523,""art_0.3"":1598,""aet_0.3"":1804,""ast_0.4"":4633,""art_0.4"":2403,""aet_0.4"":2677,""ast_0.5"":6376,""art_0.5"":3288,""aet_0.5"":4678}","{""sst"":3981,""srt"":2443,""set"":3681,""ast_0.3"":5084,""art_0.3"":1821,""aet_0.3"":1860,""ast_0.4"":6862,""art_0.4"":2673,""aet_0.4"":3061,""ast_0.5"":8640,""art_0.5"":3526,""aet_0.5"":4263}","ISO 5211 F25",592,940,150,297.5,90,118,160,415,"NPT1/2"""
SF25-400SR3,SF25,400,SR,SR3,8560,"{""sst"":2996,""srt"":1516,""set"":1895,""ast_0.3"":3089,""art_0.3"":1574,""aet_0.3"":1903,""ast_0.4"":4779,""art_0.4"":2512,""aet_0.4"":3594,""ast_0.5"":6459,""art_0.5"":3520,""aet_0.5"":5275}","{""sst"":2700,""srt"":1651,""set"":2472,""ast_0.3"":4236,""art_0.3"":1606,""aet_0.3"":1776,""ast_0.4"":6499,""art_0.4"":2691,""aet_0.4"":3306,""ast_0.5"":8763,""art_0.5"":3777,""aet_0.5"":4835}","ISO 5211 F25",597,940,150,318,90,118,160,456,"NPT3/4"""
SF25-400SR4,SF25,400,SR,SR4,9045,"{""sst"":3960,""srt"":2013,""set"":2534,""ast_0.3"":2598,""art_0.3"":1095,""aet_0.3"":1053,""ast_0.4"":4112,""art_0.4"":2107,""aet_0.4"":2686,""ast_0.5"":5959,""art_0.5"":3111,""aet_0.5"":4413}","{""sst"":3443,""srt"":2096,""set"":3108,""ast_0.3"":3578,""art_0.3"":1161,""aet_0.3"":1001,""ast_0.4"":5841,""art_0.4"":2246,""aet_0.4"":2531,""ast_0.5"":8105,""art_0.5"":3332,""aet_0.5"":4060}","ISO 5211 F25",597,940,150,318,90,118,160,456,"NPT3/4"""
SF25-400SR5,SF25,400,SR,SR5,9180,"{""sst"":4955,""srt"":2466,""set"":2999,""ast_0.3"":3829,""art_0.3"":1782,""aet_0.3"":2110,""ast_0.4"":5309,""art_0.4"":2685,""aet_0.4"":3352,""ast_0.5"":7190,""art_0.5"":3798,""aet_0.5"":5471}","{""sst"":3981,""srt"":2443,""set"":3681,""ast_0.3"":5248,""art_0.3"":1899,""aet_0.3"":1971,""ast_0.4"":7512,""art_0.4"":2985,""aet_0.4"":3500,""ast_0.5"":9775,""art_0.5"":4070,""aet_0.5"":5030}","ISO 5211 F25",597,940,150,318,90,118,160,456,"NPT3/4"""
SF25-400SR6,SF25,400,SR,SR6,9995,"{""sst"":6326,""srt"":3117,""set"":3726,""ast_0.3"":4631,""art_0.3"":2124,""aet_0.3"":2451,""ast_0.4"":6243,""art_0.4"":3065,""aet_0.4"":3643,""ast_0.5"":8028,""art_0.5"":4134,""aet_0.5"":5876}","{""sst"":5137,""srt"":3166,""set"":4808,""ast_0.3"":6347,""art_0.3"":2262,""aet_0.3"":2295,""ast_0.4"":8610,""art_0.4"":3348,""aet_0.4"":3825,""ast_0.5"":10874,""art_0.5"":4433,""aet_0.5"":5355}","ISO 5211 F25",597,940,150,318,90,118,160,456,"NPT3/4"""
SF25-450SR3,SF25,450,SR,SR3,9780,"{""sst"":3960,""srt"":2013,""set"":2534,""ast_0.3"":3774,""art_0.3"":1898,""aet_0.3"":2348,""ast_0.4"":6080,""art_0.4"":3184,""aet_0.4"":4535,""ast_0.5"":8211,""art_0.5"":4463,""aet_0.5"":6665}","{""sst"":3443,""srt"":2096,""set"":3108,""ast_0.3"":5400,""art_0.3"":2034,""aet_0.3"":2232,""ast_0.4"":8271,""art_0.4"":3411,""aet_0.4"":4172,""ast_0.5"":11142,""art_0.5"":4788,""aet_0.5"":6112}","ISO 5211 F25",605,940,150,348,90,118,160,516,"NPT3/4"""
SF25-450SR4,SF25,450,SR,SR4,9915,"{""sst"":4955,""srt"":2466,""set"":2999,""ast_0.3"":3500,""art_0.3"":1584,""aet_0.3"":1781,""ast_0.4"":5412,""art_0.4"":2749,""aet_0.4"":3456,""ast_0.5"":7762,""art_0.5"":4141,""aet_0.5"":6043}","{""sst"":3981,""srt"":2443,""set"":3681,""ast_0.3"":4806,""art_0.3"":1687,""aet_0.3"":1672,""ast_0.4"":7677,""art_0.4"":3064,""aet_0.4"":3612,""ast_0.5"":10548,""art_0.5"":4441,""aet_0.5"":5552}","ISO 5211 F25",605,940,150,348,90,118,160,516,"NPT3/4"""
SF25-450SR5,SF25,450,SR,SR5,10729,"{""sst"":6326,""srt"":3117,""set"":3726,""ast_0.3"":4752,""art_0.3"":2197,""aet_0.3"":2573,""ast_0.4"":6788,""art_0.4"":3402,""aet_0.4"":4188,""ast_0.5"":9013,""art_0.5"":4754,""aet_0.5"":6834}","{""sst"":5137,""srt"":3166,""set"":4808,""ast_0.3"":6512,""art_0.3"":2342,""aet_0.3"":2407,""ast_0.4"":9383,""art_0.4"":3719,""aet_0.4"":4347,""ast_0.5"":12254,""art_0.5"":5095,""aet_0.5"":6287}","ISO 5211 F25",605,940,150,348,90,118,160,516,"NPT3/4"""
SF25-450SR6,SF25,450,SR,SR6,11819,"{""sst"":8261,""srt"":4024,""set"":4720,""ast_0.3"":5779,""art_0.3"":2641,""aet_0.3"":3025,""ast_0.4"":7897,""art_0.4"":3799,""aet_0.4"":4357,""ast_0.5"":10091,""art_0.5"":5191,""aet_0.5"":7371}","{""sst"":6587,""srt"":4069,""set"":6265,""ast_0.3"":7877,""art_0.3"":2816,""aet_0.3"":2837,""ast_0.4"":10748,""art_0.4"":4192,""aet_0.4"":4777,""ast_0.5"":13619,""art_0.5"":5569,""aet_0.5"":6717}","ISO 5211 F25",605,940,150,348,90,118,160,516,"NPT3/4"""SF30-450SR3,SF30,450,SR,SR3,13316,"{""sst"":4786,""srt"":2379,""set"":2889,""ast_0.3"":4821,""art_0.3"":2401,""aet_0.3"":2924,""ast_0.4"":7420,""art_0.4"":3975,""aet_0.4"":5829,""ast_0.5"":10017,""art_0.5"":5533,""aet_0.5"":8426}","{""sst"":4721,""srt"":2838,""set"":4118,""ast_0.3"":6242,""art_0.3"":2192,""aet_0.3"":2177,""ast_0.4"":9741,""art_0.4"":3869,""aet_0.4"":4541,""ast_0.5"":13240,""art_0.5"":5546,""aet_0.5"":6905}","ISO 5211 F30",715,1165,175,368,110,144,176,516,"NPT3/4"""
SF30-450SR4,SF30,450,SR,SR4,14686,"{""sst"":6329,""srt"":3146,""set"":3820,""ast_0.3"":3780,""art_0.3"":1450,""aet_0.3"":1186,""ast_0.4"":6461,""art_0.4"":3228,""aet_0.4"":3952,""ast_0.5"":8974,""art_0.5"":4606,""aet_0.5"":6379}","{""sst"":5701,""srt"":3456,""set"":5100,""ast_0.3"":5228,""art_0.3"":1574,""aet_0.3"":1156,""ast_0.4"":8727,""art_0.4"":3251,""aet_0.4"":3520,""ast_0.5"":12226,""art_0.5"":4928,""aet_0.5"":5884}","ISO 5211 F30",715,1165,175,368,110,144,176,516,"NPT3/4"""
SF30-450SR5,SF30,450,SR,SR5,14778,"{""sst"":7929,""srt"":3968,""set"":4869,""ast_0.3"":5455,""art_0.3"":2277,""aet_0.3"":2134,""ast_0.4"":7892,""art_0.4"":4001,""aet_0.4"":4922,""ast_0.5"":10649,""art_0.5"":5393,""aet_0.5"":7327}","{""sst"":7125,""srt"":4296,""set"":6269,""ast_0.3"":7519,""art_0.3"":2411,""aet_0.3"":2038,""ast_0.4"":11018,""art_0.4"":4088,""aet_0.4"":4402,""ast_0.5"":14517,""art_0.5"":5765,""aet_0.5"":6766}","ISO 5211 F30",715,1165,175,368,110,144,176,516,"NPT3/4"""
SF30-450SR6,SF30,450,SR,SR6,15954,"{""sst"":9375,""srt"":4712,""set"":5824,""ast_0.3"":7283,""art_0.3"":3263,""aet_0.3"":3595,""ast_0.4"":9598,""art_0.4"":4850,""aet_0.4"":6046,""ast_0.5"":12549,""art_0.5"":6379,""aet_0.5"":8907}","{""sst"":8106,""srt"":4913,""set"":7250,""ast_0.3"":10004,""art_0.3"":3471,""aet_0.3"":3381,""ast_0.4"":13503,""art_0.4"":5148,""aet_0.4"":5745,""ast_0.5"":17002,""art_0.5"":6824,""aet_0.5"":8109}","ISO 5211 F30",715,1165,175,368,110,144,176,516,"NPT3/4"""
SF30-500SR3,SF30,500,SR,SR3,14704,"{""sst"":6044,""srt"":2969,""set"":3535,""ast_0.3"":5984,""art_0.3"":2932,""aet_0.3"":3475,""ast_0.4"":9189,""art_0.4"":4824,""aet_0.4"":6893,""ast_0.5"":12401,""art_0.5"":6751,""aet_0.5"":10104}","{""sst"":5141,""srt"":3129,""set"":4655,""ast_0.3"":8175,""art_0.3"":3094,""aet_0.3"":3420,""ast_0.4"":12503,""art_0.4"":5168,""aet_0.4"":6344,""ast_0.5"":16831,""art_0.5"":7242,""aet_0.5"":9269}","ISO 5211 F30",715,1165,175,395,110,144,176,570,"NPT3/4"""
SF30-500SR4,SF30,500,SR,SR4,15378,"{""sst"":7929,""srt"":3967,""set"":4869,""ast_0.3"":4704,""art_0.3"":1826,""aet_0.3"":1383,""ast_0.4"":7824,""art_0.4"":3902,""aet_0.4"":4763,""ast_0.5"":11128,""art_0.5"":5680,""aet_0.5"":7807}","{""sst"":7125,""srt"":4296,""set"":6269,""ast_0.3"":6507,""art_0.3"":1927,""aet_0.3"":1354,""ast_0.4"":10835,""art_0.4"":4001,""aet_0.4"":4279,""ast_0.5"":15163,""art_0.5"":6075,""aet_0.5"":7203}","ISO 5211 F30",715,1165,175,395,110,144,176,570,"NPT3/4"""
SF30-500SR5,SF30,500,SR,SR5,16554,"{""sst"":9375,""srt"":4712,""set"":5824,""ast_0.3"":7147,""art_0.3"":3182,""aet_0.3"":3459,""ast_0.4"":10042,""art_0.4"":5125,""aet_0.4"":6490,""ast_0.5"":13571,""art_0.5"":7036,""aet_0.5"":9883}","{""sst"":8106,""srt"":4913,""set"":7250,""ast_0.3"":9821,""art_0.3"":3383,""aet_0.3"":3258,""ast_0.4"":14149,""art_0.4"":5457,""aet_0.4"":6182,""ast_0.5"":18478,""art_0.5"":7532,""aet_0.5"":9106}","ISO 5211 F30",715,1165,175,395,110,144,176,570,"NPT3/4"""
SF30-500SR6,SF30,500,SR,SR6,18204,"{""sst"":11426,""srt"":5741,""set"":7092,""ast_0.3"":8798,""art_0.3"":3946,""aet_0.3"":4355,""ast_0.4"":11962,""art_0.4"":6064,""aet_0.4"":7613,""ast_0.5"":15314,""art_0.5"":7801,""aet_0.5"":10927}","{""sst"":10105,""srt"":6170,""set"":9242,""ast_0.3"":12091,""art_0.3"":4200,""aet_0.3"":4100,""ast_0.4"":16419,""art_0.4"":6274,""aet_0.4"":7025,""ast_0.5"":20747,""art_0.5"":8348,""aet_0.5"":9949}","ISO 5211 F30",715,1165,175,395,110,144,176,570,"NPT3/4"""
SF30-550SR3,SF30,550,SR,SR3,16206,"{""sst"":6867,""srt"":3477,""set"":4349,""ast_0.3"":7169,""art_0.3"":3664,""aet_0.3"":4651,""ast_0.4"":11558,""art_0.4"":6156,""aet_0.4"":8964,""ast_0.5"":15450,""art_0.5"":8491,""aet_0.5"":12856}","{""sst"":5701,""srt"":3456,""set"":5100,""ast_0.3"":10464,""art_0.3"":4084,""aet_0.3"":4694,""ast_0.4"":15709,""art_0.4"":6597,""aet_0.4"":8237,""ast_0.5"":20953,""art_0.5"":9110,""aet_0.5"":11781}","ISO 5211 F30",715,1165,175,420,110,144,176,620,"NPT3/4"""
SF30-550SR4,SF30,550,SR,SR4,17474,"{""sst"":9375,""srt"":4814,""set"":5824,""ast_0.3"":5975,""art_0.3"":2479,""aet_0.3"":2287,""ast_0.4"":9534,""art_0.4"":4708,""aet_0.4"":5983,""ast_0.5"":13759,""art_0.5"":7149,""aet_0.5"":10071}","{""sst"":8106,""srt"":4913,""set"":7250,""ast_0.3"":7453,""art_0.3"":2470,""aet_0.3"":1913,""ast_0.4"":11781,""art_0.4"":4544,""aet_0.4"":4798,""ast_0.5"":16109,""art_0.5"":6618,""aet_0.5"":7683}","ISO 5211 F30",715,1165,175,420,110,144,176,620,"NPT3/4"""
SF30-550SR5,SF30,550,SR,SR5,19124,"{""sst"":11426,""srt"":5741,""set"":7092,""ast_0.3"":8306,""art_0.3"":3651,""aet_0.3"":3863,""ast_0.4"":12106,""art_0.4"":6162,""aet_0.4"":7772,""ast_0.5"":16090,""art_0.5"":8321,""aet_0.5"":11647}","{""sst"":10105,""srt"":6170,""set"":9242,""ast_0.3"":10638,""art_0.3"":3976,""aet_0.3"":3850,""ast_0.4"":14966,""art_0.4"":6050,""aet_0.4"":6775,""ast_0.5"":19294,""art_0.5"":8124,""aet_0.5"":9700}","ISO 5211 F30",715,1165,175,420,110,144,176,620,"NPT3/4"""
SF30-550SR6,SF30,550,SR,SR6,20041,"{""sst"":14080,""srt"":6952,""set"":8344,""ast_0.3"":10923,""art_0.3"":5071,""aet_0.3"":5983,""ast_0.4"":14694,""art_0.4"":7332,""aet_0.4"":8957,""ast_0.5"":18815,""art_0.5"":9742,""aet_0.5"":13937}","{""sst"":11635,""srt"":7156,""set"":10872,""ast_0.3"":14988,""art_0.3"":5410,""aet_0.3"":5602,""ast_0.4"":19316,""art_0.4"":7484,""aet_0.4"":8527,""ast_0.5"":23644,""art_0.5"":9558,""aet_0.5"":11452}","ISO 5211 F30",715,1165,175,420,110,144,176,620,"NPT3/4"""
SF35-550SR3,SF35,550,SR,SR3,21920,"{""sst"":9180,""srt"":4520,""set"":5400,""ast_0.3"":9260,""art_0.3"":4569,""aet_0.3"":5480,""ast_0.4"":14344,""art_0.4"":7661,""aet_0.4"":11193,""ast_0.5"":19281,""art_0.5"":10623,""aet_0.5"":16129}","{""sst"":7384,""srt"":4520,""set"":6879,""ast_0.3"":12825,""art_0.3"":5007,""aet_0.3"":5782,""ast_0.4"":19466,""art_0.4"":8183,""aet_0.4"":10267,""ast_0.5"":26107,""art_0.5"":11359,""aet_0.5"":14752}","ISO 5211 F35",833,1511,207.5,450,140,181,194,620,"NPT3/4"""
SF35-550SR4,SF35,550,SR,SR4,24038,"{""sst"":12297,""srt"":6131,""set"":7481,""ast_0.3"":7484,""art_0.3"":3307,""aet_0.3"":3539,""ast_0.4"":12066,""art_0.4"":5988,""aet_0.4"":7250,""ast_0.5"":17358,""art_0.5"":9231,""aet_0.5"":13413}","{""sst"":9729,""srt"":6016,""set"":9326,""ast_0.3"":14126,""art_0.3"":5341,""aet_0.3"":5929,""ast_0.4"":22042,""art_0.4"":9126,""aet_0.4"":11275,""ast_0.5"":29958,""art_0.5"":12912,""aet_0.5"":16621}","ISO 5211 F35",833,1511,207.5,450,140,181,194,620,"NPT3/4"""
SF35-550SR5,SF35,550,SR,SR5,25681,"{""sst"":14449,""srt"":7241,""set"":8907,""ast_0.3"":10750,""art_0.3"":5025,""aet_0.3"":5999,""ast_0.4"":15527,""art_0.4"":7909,""aet_0.4"":9984,""ast_0.5"":20624,""art_0.5"":10949,""aet_0.5"":15873}","{""sst"":11867,""srt"":7356,""set"":11458,""ast_0.3"":20575,""art_0.3"":8137,""aet_0.3"":9548,""ast_0.4"":31374,""art_0.4"":13301,""aet_0.4"":16841,""ast_0.5"":42172,""art_0.5"":18465,""aet_0.5"":24134}","ISO 5211 F35",833,1511,207.5,450,140,181,194,620,"NPT3/4"""
SF35-550SR6,SF35,550,SR,SR6,26733,"{""sst"":18185,""srt"":8970,""set"":10752,""ast_0.3"":13852,""art_0.3"":6514,""aet_0.3"":7863,""ast_0.4"":18569,""art_0.4"":9209,""aet_0.4"":11136,""ast_0.5"":23864,""art_0.5"":12439,""aet_0.5"":17950}","{""sst"":14520,""srt"":8949,""set"":13789,""ast_0.3"":18170,""art_0.3"":6544,""aet_0.3"":6791,""ast_0.4"":28968,""art_0.4"":11708,""aet_0.4"":14084,""ast_0.5"":39767,""art_0.5"":16872,""aet_0.5"":21377}","ISO 5211 F35",833,1511,207.5,450,140,181,194,620,"NPT3/4"""
SF35-600SR3,SF35,600,SR,SR3,25333,"{""sst"":11016,""srt"":5392,""set"":6378,""ast_0.3"":11069,""art_0.3"":5425,""aet_0.3"":6430,""ast_0.4"":16635,""art_0.4"":8797,""aet_0.4"":12690,""ast_0.5"":22520,""art_0.5"":12328,""aet_0.5"":18575}","{""sst"":9729,""srt"":6016,""set"":9326,""ast_0.3"":14126,""art_0.3"":5341,""aet_0.3"":5929,""ast_0.4"":22042,""art_0.4"":9126,""aet_0.4"":11275,""ast_0.5"":29958,""art_0.5"":12912,""aet_0.5"":16621}","ISO 5211 F35",851,1511,207.5,475,140,181,194,670,"NPT1"""
SF35-600SR4,SF35,600,SR,SR4,26976,"{""sst"":14449,""srt"":7241,""set"":8907,""ast_0.3"":8657,""art_0.3"":3769,""aet_0.3"":3906,""ast_0.4"":14356,""art_0.4"":7183,""aet_0.4"":8813,""ast_0.5"":20427,""art_0.5"":10830,""aet_0.5"":15675}","{""sst"":11867,""srt"":7356,""set"":11458,""ast_0.3"":15967,""art_0.3"":7261,""aet_0.3"":8236,""ast_0.4"":22179,""art_0.4"":10727,""aet_0.4"":12424,""ast_0.5"":27907,""art_0.5"":14323,""aet_0.5"":20273}","ISO 5211 F35",851,1511,207.5,475,140,181,194,670,"NPT1"""
SF35-600SR5,SF35,600,SR,SR5,28027,"{""sst"":18185,""srt"":8971,""set"":10752,""ast_0.3"":12707,""art_0.3"":5827,""aet_0.3"":6718,""ast_0.4"":18327,""art_0.4"":9058,""aet_0.4"":10894,""ast_0.5"":24477,""art_0.5"":12889,""aet_0.5"":18487}","{""sst"":14520,""srt"":8949,""set"":13789,""ast_0.3"":22471,""art_0.3"":10908,""aet_0.3"":12716,""ast_0.4"":28683,""art_0.4"":14374,""aet_0.4"":16002,""ast_0.5"":34907,""art_0.5"":17840,""aet_0.5"":19287}","ISO 5211 F35",851,1511,207.5,475,140,181,194,670,"NPT1"""
SF35-600SR6,SF35,600,SR,SR6,32078,"{""sst"":22471,""srt"":10908,""set"":12716,""ast_0.3"":15967,""art_0.3"":7261,""aet_0.3"":8236,""ast_0.4"":22179,""art_0.4"":10727,""aet_0.4"":12424,""ast_0.5"":27907,""art_0.5"":14323,""aet_0.5"":20273}","{""sst"":18289,""srt"":11218,""set"":17136,""ast_0.3"":21901,""art_0.3"":7710,""aet_0.3"":7726,""ast_0.4"":29816,""art_0.4"":11496,""aet_0.4"":13072,""ast_0.5"":37732,""art_0.5"":15281,""aet_0.5"":18418}","ISO 5211 F35",851,1511,207.5,475,140,181,194,670,"NPT1"""
SF35-700SR3,SF35,700,SR,SR3,29201,"{""sst"":14449,""srt"":7240,""set"":8907,""ast_0.3"":14840,""art_0.3"":7483,""aet_0.3"":9298,""ast_0.4"":23114,""art_0.4"":12443,""aet_0.4"":18363,""ast_0.5"":31142,""art_0.5"":17259,""aet_0.5"":26390}","{""sst"":11867,""srt"":7356,""set"":11458,""ast_0.3"":20575,""art_0.3"":8137,""aet_0.3"":9548,""ast_0.4"":31374,""art_0.4"":13301,""aet_0.4"":16841,""ast_0.5"":42172,""art_0.5"":18465,""aet_0.5"":24134}","ISO 5211 F35",851,1511,207.5,525,140,181,194,770,"NPT1"""
SF35-700SR4,SF35,700,SR,SR4,30253,"{""sst"":19069,""srt"":9491,""set"":11549,""ast_0.3"":13252,""art_0.3"":6154,""aet_0.3"":7262,""ast_0.4"":20114,""art_0.4"":10140,""aet_0.4"":12594,""ast_0.5"":29307,""art_0.5"":15787,""aet_0.5"":23317}","{""sst"":14520,""srt"":8949,""set"":13789,""ast_0.3"":22104,""art_0.3"":10059,""aet_0.3"":11427,""ast_0.4"":30207,""art_0.4"":15112,""aet_0.4"":18543,""ast_0.5"":38388,""art_0.5"":19693,""aet_0.5"":27846}","ISO 5211 F35",851,1511,207.5,525,140,181,194,770,"NPT1"""
SF35-700SR5,SF35,700,SR,SR5,35219,"{""sst"":23864,""srt"":11772,""set"":14109,""ast_0.3"":18654,""art_0.3"":8873,""aet_0.3"":10923,""ast_0.4"":25470,""art_0.4"":12767,""aet_0.4"":15715,""ast_0.5"":34710,""art_0.5"":18506,""aet_0.5"":26979}","{""sst"":18289,""srt"":11218,""set"":17136,""ast_0.3"":28953,""art_0.3"":14335,""aet_0.3"":17288,""ast_0.4"":37056,""art_0.4"":19388,""aet_0.4"":24404,""ast_0.5"":45159,""art_0.5"":24441,""aet_0.5"":31520}","ISO 5211 F35",851,1511,207.5,525,140,181,194,770,"NPT1"""
SF35-700SR6,SF35,700,SR,SR6,38211,"{""sst"":28953,""srt"":14335,""set"":17288,""ast_0.3"":22104,""art_0.3"":10059,""aet_0.3"":11427,""ast_0.4"":30207,""art_0.4"":15112,""aet_0.4"":18543,""ast_0.5"":38388,""art_0.5"":19693,""aet_0.5"":27846}","{""sst"":24784,""srt"":15143,""set"":22959,""ast_0.3"":30307,""art_0.3"":10678,""aet_0.3"":10712,""ast_0.4"":41106,""art_0.4"":15842,""aet_0.4"":18005,""ast_0.5"":51904,""art_0.5"":21006,""aet_0.5"":25298}","ISO 5211 F35",851,1511,207.5,525,140,181,194,770,"NPT1"""
SF40-600SR3,SF40,600,SR,SR3,30152,"{""sst"":13131,""srt"":6586,""set"":8114,""ast_0.3"":13071,""art_0.3"":6549,""aet_0.3"":8054,""ast_0.4"":19458,""art_0.4"":10198,""aet_0.4"":14536,""ast_0.5"":26566,""art_0.5"":14463,""aet_0.5"":21644}","{""sst"":11996,""srt"":7412,""set"":11436,""ast_0.3"":16900,""art_0.3"":6327,""aet_0.3"":6914,""ast_0.4"":26469,""art_0.4"":10907,""aet_0.4"":13378,""ast_0.5"":36038,""art_0.5"":15487,""aet_0.5"":19841}","ISO 5211 F40",982,1760,237.5,505,170,196,216,670,"NPT1"""
SF40-600SR4,SF40,600,SR,SR4,32813,"{""sst"":16357,""srt"":8926,""set"":10272,""ast_0.3"":11032,""art_0.3"":4600,""aet_0.3"":4301,""ast_0.4"":17976,""art_0.4"":8256,""aet_0.4"":11888,""ast_0.5"":25247,""art_0.5"":13184,""aet_0.5"":18517}","{""sst"":14696,""srt"":8877,""set"":13090,""ast_0.3"":18086,""art_0.3"":7695,""aet_0.3"":7566,""ast_0.4"":25544,""art_0.4"":12799,""aet_0.4"":15471,""ast_0.5"":32524,""art_0.5"":16226,""aet_0.5"":22137}","ISO 5211 F40",982,1760,237.5,505,170,196,216,670,"NPT1"""
SF40-600SR5,SF40,600,SR,SR5,35535,"{""sst"":21426,""srt"":10879,""set"":13666,""ast_0.3"":14745,""art_0.3"":6326,""aet_0.3"":6342,""ast_0.4"":21644,""art_0.4"":11014,""aet_0.4"":13884,""ast_0.5"":28961,""art_0.5"":14856,""aet_0.5"":20558}","{""sst"":19070,""srt"":11615,""set"":17420,""ast_0.3"":21232,""art_0.3"":7155,""aet_0.3"":6657,""ast_0.4"":34304,""art_0.4"":13411,""aet_0.4"":15486,""ast_0.5"":47375,""art_0.5"":19668,""aet_0.5"":24316}","ISO 5211 F40",982,1760,237.5,505,170,196,216,670,"NPT1"""
SF40-600SR6,SF40,600,SR,SR6,38822,"{""sst"":26630,""srt"":13472,""set"":16828,""ast_0.3"":18086,""art_0.3"":7695,""aet_0.3"":7566,""ast_0.4"":25544,""art_0.4"":12799,""aet_0.4"":15471,""ast_0.5"":32524,""art_0.5"":16226,""aet_0.5"":22137}","{""sst"":24150,""srt"":14744,""set"":22219,""ast_0.3"":24907,""art_0.3"":8155,""aet_0.3"":7202,""ast_0.4"":34475,""art_0.4"":12735,""aet_0.4"":13665,""ast_0.5"":44044,""art_0.5"":17315,""aet_0.5"":20129}","ISO 5211 F40",982,1760,237.5,505,170,196,216,670,"NPT1"""
SF40-700SR3,SF40,700,SR,SR3,35071,"{""sst"":16359,""srt"":8256,""set"":10272,""ast_0.3"":18564,""art_0.3"":9623,""aet_0.3"":12477,""ast_0.4"":28548,""art_0.4"":15110,""aet_0.4"":21818,""ast_0.5"":38259,""art_0.5"":20936,""aet_0.5"":31528}","{""sst"":14696,""srt"":8877,""set"":13090,""ast_0.3"":25702,""art_0.3"":9893,""aet_0.3"":11206,""ast_0.4"":38774,""art_0.4"":16149,""aet_0.4"":20035,""ast_0.5"":51846,""art_0.5"":22406,""aet_0.5"":28865}","ISO 5211 F40",982,1760,237.5,555,170,196,216,770,"NPT1"""
SF40-700SR4,SF40,700,SR,SR4,37793,"{""sst"":21426,""srt"":10879,""set"":13666,""ast_0.3"":15444,""art_0.3"":6745,""aet_0.3"":7041,""ast_0.4"":24782,""art_0.4"":12960,""aet_0.4"":17023,""ast_0.5"":35119,""art_0.5"":18398,""aet_0.5"":26461}","{""sst"":19070,""srt"":11615,""set"":17420,""ast_0.3"":21232,""art_0.3"":7155,""aet_0.3"":6657,""ast_0.4"":34304,""art_0.4"":13411,""aet_0.4"":15486,""ast_0.5"":47375,""art_0.5"":19668,""aet_0.5"":24316}","ISO 5211 F40",982,1760,237.5,555,170,196,216,770,"NPT1"""
SF40-700SR5,SF40,700,SR,SR5,42535,"{""sst"":30015,""srt"":15120,""set"":18757,""ast_0.3"":20074,""art_0.3"":8665,""aet_0.3"":8811,""ast_0.4"":29304,""art_0.4"":14679,""aet_0.4"":18046,""ast_0.5"":39495,""art_0.5"":20318,""aet_0.5"":28232}","{""sst"":25924,""srt"":15836,""set"":23890,""ast_0.3"":27625,""art_0.3"":9190,""aet_0.3"":8358,""ast_0.4"":40696,""art_0.4"":15447,""aet_0.4"":17187,""ast_0.5"":53768,""art_0.5"":21703,""aet_0.5"":26017}","ISO 5211 F40",982,1760,237.5,555,170,196,216,770,"NPT1"""
SF40-700SR6,SF40,700,SR,SR6,44152,"{""sst"":35425,""srt"":17702,""set"":21679,""ast_0.3"":26617,""art_0.3"":11896,""aet_0.3"":13036,""ast_0.4"":35995,""art_0.4"":18056,""aet_0.4"":22248,""ast_0.5"":46316,""art_0.5"":23549,""aet_0.5"":32907}","{""sst"":30659,""srt"":18653,""set"":27913,""ast_0.3"":36544,""art_0.3"":12630,""aet_0.3"":12263,""ast_0.4"":49615,""art_0.4"":18886,""aet_0.4"":21093,""ast_0.5"":62687,""art_0.5"":25143,""aet_0.5"":29922}","ISO 5211 F40",982,1760,237.5,555,170,196,216,770,"NPT1"""
SF40-800SR3,SF40,800,SR,SR3,41217,"{""sst"":21426,""srt"":10879,""set"":13666,""ast_0.3"":23998,""art_0.3"":12460,""aet_0.3"":16238,""ast_0.4"":37164,""art_0.4"":19778,""aet_0.4"":28761,""ast_0.5"":50133,""art_0.5"":27405,""aet_0.5"":41474}","{""sst"":19070,""srt"":11615,""set"":17420,""ast_0.3"":33358,""art_0.3"":12959,""aet_0.3"":14847,""ast_0.4"":50472,""art_0.4"":21150,""aet_0.4"":26407,""ast_0.5"":67585,""art_0.5"":29341,""aet_0.5"":37967}","ISO 5211 F40",986,1760,237.5,610,170,196,216,880,"NPT1.1/2"""
SF40-800SR4,SF40,800,SR,SR4,45959,"{""sst"":30015,""srt"":15120,""set"":18757,""ast_0.3"":19372,""art_0.3"":8244,""aet_0.3"":8108,""ast_0.4"":31461,""art_0.4"":16016,""aet_0.4"":20203,""ast_0.5"":44798,""art_0.5"":23500,""aet_0.5"":33534}","{""sst"":25924,""srt"":15836,""set"":23890,""ast_0.3"":26679,""art_0.3"":8737,""aet_0.3"":7719,""ast_0.4"":43793,""art_0.4"":16929,""aet_0.4"":19279,""ast_0.5"":60906,""art_0.5"":25120,""aet_0.5"":30839}","ISO 5211 F40",986,1760,237.5,610,170,196,216,880,"NPT1.1/2"""
SF40-800SR5,SF40,800,SR,SR5,47576,"{""sst"":35425,""srt"":17702,""set"":21679,""ast_0.3"":28917,""art_0.3"":13276,""aet_0.3"":15336,""ast_0.4"":41095,""art_0.4"":21218,""aet_0.4"":27349,""ast_0.5"":54343,""art_0.5"":28532,""aet_0.5"":40763}","{""sst"":30659,""srt"":18653,""set"":27913,""ast_0.3"":39640,""art_0.3"":14112,""aet_0.3"":14354,""ast_0.4"":56753,""art_0.4"":22303,""aet_0.4"":25914,""ast_0.5"":73867,""art_0.5"":30494,""aet_0.5"":37474}","ISO 5211 F40",986,1760,237.5,610,170,196,216,880,"NPT1.1/2"""
SF40-800SR6,SF40,800,SR,SR6,53498,"{""sst"":47742,""srt"":23883,""set"":29300,""ast_0.3"":36348,""art_0.3"":16304,""aet_0.3"":17999,""ast_0.4"":46029,""art_0.4"":22821,""aet_0.4"":28593,""ast_0.5"":62120,""art_0.5"":31560,""aet_0.5"":44003}","{""sst"":39335,""srt"":23663,""set"":34598,""ast_0.3"":49852,""art_0.3"":17293,""aet_0.3"":16891,""ast_0.4"":66966,""art_0.4"":25484,""aet_0.4"":28451,""ast_0.5"":84080,""art_0.5"":33675,""aet_0.5"":40011}","ISO 5211 F40",986,1760,237.5,610,170,196,216,880,"NPT1.1/2"""SF48-800SR3,SF48,800,SR,SR3,53069,"{""sst"":26619,""srt"":13330,""set"":16381,""ast_0.3"":27930,""art_0.3"":14142,""aet_0.3"":17691,""ast_0.4"":42377,""art_0.4"":22682,""aet_0.4"":33230,""ast_0.5"":57317,""art_0.5"":31646,""aet_0.5"":48170}","{""sst"":23094,""srt"":14676,""set"":23483,""ast_0.3"":36450,""art_0.3"":14465,""aet_0.3"":16841,""ast_0.4"":56648,""art_0.4"":24178,""aet_0.4"":30497,""ast_0.5"":76845,""art_0.5"":33892,""aet_0.5"":44152}","ISO 5211 F48",1131,2283,280,640,200,224,243,880,"NPT1.1/2"""
SF48-800SR4,SF48,800,SR,SR4,58765,"{""sst"":33844,""srt"":16948,""set"":20827,""ast_0.3"":22038,""art_0.3"":9318,""aet_0.3"":9021,""ast_0.4"":38254,""art_0.4"":19417,""aet_0.4"":25237,""ast_0.5"":51918,""art_0.5"":27245,""aet_0.5"":38901}","{""sst"":29956,""srt"":18876,""set"":27570,""ast_0.3"":32249,""art_0.3"":10265,""aet_0.3"":9674,""ast_0.4"":52446,""art_0.4"":19979,""aet_0.4"":23329,""ast_0.5"":72643,""art_0.5"":29693,""aet_0.5"":36985}","ISO 5211 F48",1131,2283,280,640,200,224,243,880,"NPT1.1/2"""
SF48-800SR5,SF48,800,SR,SR5,62600,"{""sst"":45789,""srt"":23214,""set"":29097,""ast_0.3"":31836,""art_0.3"":13842,""aet_0.3"":14336,""ast_0.4"":44755,""art_0.4"":22574,""aet_0.4"":28063,""ast_0.5"":61685,""art_0.5"":31770,""aet_0.5"":44215}","{""sst"":38008,""srt"":24154,""set"":38649,""ast_0.3"":41057,""art_0.3"":14701,""aet_0.3"":14917,""ast_0.4"":61255,""art_0.4"":24415,""aet_0.4"":28573,""ast_0.5"":81452,""art_0.5"":34128,""aet_0.5"":42228}","ISO 5211 F48",1131,2283,280,640,200,224,243,880,"NPT1.1/2"""
SF48-800SR6,SF48,800,SR,SR6,69067,"{""sst"":57348,""srt"":28690,""set"":35200,""ast_0.3"":40774,""art_0.3"":17680,""aet_0.3"":18159,""ast_0.4"":53420,""art_0.4"":26257,""aet_0.4"":31275,""ast_0.5"":71083,""art_0.5"":35608,""aet_0.5"":49632}","{""sst"":48076,""srt"":30223,""set"":45237,""ast_0.3"":54481,""art_0.3"":18346,""aet_0.3"":18055,""ast_0.4"":74679,""art_0.4"":28059,""aet_0.4"":31711,""ast_0.5"":94876,""art_0.5"":37773,""aet_0.5"":45366}","ISO 5211 F48",1131,2283,280,640,200,224,243,880,"NPT1.1/2"""
SF48-900SR3,SF48,900,SR,SR3,63165,"{""sst"":33844,""srt"":16948,""set"":20827,""ast_0.3"":35254,""art_0.3"":17822,""aet_0.3"":22237,""ast_0.4"":53968,""art_0.4"":28476,""aet_0.4"":40951,""ast_0.5"":72911,""art_0.5"":39841,""aet_0.5"":59894}","{""sst"":29956,""srt"":18876,""set"":27570,""ast_0.3"":48486,""art_0.3"":18075,""aet_0.3"":20652,""ast_0.4"":74096,""art_0.4"":30392,""aet_0.4"":37967,""ast_0.5"":99706,""art_0.5"":42708,""aet_0.5"":55282}","ISO 5211 F48",1151,2283,280,695,200,224,243,990,"NPT2"""
SF48-900SR4,SF48,900,SR,SR4,67000,"{""sst"":45789,""srt"":23344,""set"":29097,""ast_0.3"":28877,""art_0.3"":12085,""aet_0.3"":11407,""ast_0.4"":45677,""art_0.4"":23146,""aet_0.4"":28986,""ast_0.5"":66763,""art_0.5"":34817,""aet_0.5"":49293}","{""sst"":38008,""srt"":24154,""set"":38649,""ast_0.3"":37097,""art_0.3"":12796,""aet_0.3"":12240,""ast_0.4"":62707,""art_0.4"":25113,""aet_0.4"":29555,""ast_0.5"":88317,""art_0.5"":37430,""aet_0.5"":46870}","ISO 5211 F48",1151,2283,280,695,200,224,243,990,"NPT2"""
SF48-900SR5,SF48,900,SR,SR5,73467,"{""sst"":57348,""srt"":28690,""set"":35200,""ast_0.3"":41849,""art_0.3"":18324,""aet_0.3"":19233,""ast_0.4"":58269,""art_0.4"":29261,""aet_0.4"":36121,""ast_0.5"":79735,""art_0.5"":41056,""aet_0.5"":57120}","{""sst"":48076,""srt"":30223,""set"":45237,""ast_0.3"":55934,""art_0.3"":19044,""aet_0.3"":19038,""ast_0.4"":81544,""art_0.4"":31361,""aet_0.4"":36352,""ast_0.5"":107154,""art_0.5"":43678,""aet_0.5"":53667}","ISO 5211 F48",1151,2283,280,695,200,224,243,990,"NPT2"""
SF48-900SR6,SF48,900,SR,SR6,76916,"{""sst"":69602,""srt"":34788,""set"":42618,""ast_0.3"":50401,""art_0.3"":22830,""aet_0.3"":25698,""ast_0.4"":69545,""art_0.4"":34753,""aet_0.4"":42561,""ast_0.5"":88848,""art_0.5"":45562,""aet_0.5"":68454}","{""sst"":56128,""srt"":35501,""set"":56315,""ast_0.3"":70155,""art_0.3"":26083,""aet_0.3"":27941,""ast_0.4"":95765,""art_0.4"":38399,""aet_0.4"":45256,""ast_0.5"":121375,""art_0.5"":50716,""aet_0.5"":62571}","ISO 5211 F48",1151,2283,280,695,200,224,243,990,"NPT2"""
SF48-1000SR3,SF48,1000,SR,SR3,70790,"{""sst"":45789,""srt"":23215,""set"":29097,""ast_0.3"":40140,""art_0.3"":19712,""aet_0.3"":23447,""ast_0.4"":65718,""art_0.4"":34190,""aet_0.4"":48248,""ast_0.5"":89136,""art_0.5"":48240,""aet_0.5"":71666}","{""sst"":38008,""srt"":24154,""set"":38649,""ast_0.3"":55245,""art_0.3"":21524,""aet_0.3"":24510,""ast_0.4"":86904,""art_0.4"":36751,""aet_0.4"":45915,""ast_0.5"":118564,""art_0.5"":51977,""aet_0.5"":67320}","ISO 5211 F48",1151,2283,280,745,200,224,243,1090,"NPT2"""
SF48-1000SR4,SF48,1000,SR,SR4,77257,"{""sst"":57348,""srt"":28690,""set"":35200,""ast_0.3"":36329,""art_0.3"":15013,""aet_0.3"":13714,""ast_0.4"":57115,""art_0.4"":28546,""aet_0.4"":34968,""ast_0.5"":83164,""art_0.5"":43114,""aet_0.5"":60549}","{""sst"":48076,""srt"":30223,""set"":45237,""ast_0.3"":48472,""art_0.3"":15455,""aet_0.3"":13992,""ast_0.4"":80131,""art_0.4"":30682,""aet_0.4"":35397,""ast_0.5"":111790,""art_0.5"":45908,""aet_0.5"":56802}","ISO 5211 F48",1151,2283,280,745,200,224,243,1090,"NPT2"""
SF48-1000SR5,SF48,1000,SR,SR5,80706,"{""sst"":69602,""srt"":34789,""set"":42618,""ast_0.3"":49356,""art_0.3"":22203,""aet_0.3"":24653,""ast_0.4"":72776,""art_0.4"":36756,""aet_0.4"":45792,""ast_0.5"":96191,""art_0.5"":50304,""aet_0.5"":71488}","{""sst"":56128,""srt"":35501,""set"":56315,""ast_0.3"":68742,""art_0.3"":25403,""aet_0.3"":26986,""ast_0.4"":100402,""art_0.4"":40629,""aet_0.4"":48391,""ast_0.5"":132061,""art_0.5"":55856,""aet_0.5"":69795}","ISO 5211 F48",1151,2283,280,745,200,224,243,1090,"NPT2"""
SF48-1000SR6,SF48,1000,SR,SR6,86150,"{""sst"":82680,""srt"":41743,""set"":51976,""ast_0.3"":63947,""art_0.3"":29404,""aet_0.3"":34069,""ast_0.4"":86497,""art_0.4"":42250,""aet_0.4"":55793,""ast_0.5"":111455,""art_0.5"":57506,""aet_0.5"":87784}","{""sst"":66620,""srt"":42184,""set"":67049,""ast_0.3"":89367,""art_0.3"":33947,""aet_0.3"":37430,""ast_0.4"":121026,""art_0.4"":49173,""aet_0.4"":58834,""ast_0.5"":152685,""art_0.5"":64399,""aet_0.5"":80239}","ISO 5211 F48",1151,2283,280,745,200,224,243,1090,"NPT2"""
SF60-800SR3,SF60,800,SR,SR3,70631,"{""sst"":36800,""srt"":18478,""set"":22805,""ast_0.3"":35799,""art_0.3"":18379,""aet_0.3"":21805,""ast_0.4"":57777,""art_0.4"":30855,""aet_0.4"":45075,""ast_0.5"":77866,""art_0.5"":42909,""aet_0.5"":65165}","{""sst"":31941,""srt"":19916,""set"":32039,""ast_0.3"":47846,""art_0.3"":18571,""aet_0.3"":21462,""ast_0.4"":74777,""art_0.4"":31400,""aet_0.4"":39637,""ast_0.5"":101709,""art_0.5"":44230,""aet_0.5"":57811}","ISO 5211 F60",1395,3025,343,710,270,230,258,880,"NPT1.1/2"""
SF60-800SR4,SF60,800,SR,SR4,78985,"{""sst"":47118,""srt"":23238,""set"":27842,""ast_0.3"":29373,""art_0.3"":12290,""aet_0.3"":13926,""ast_0.4"":51918,""art_0.4"":26214,""aet_0.4"":32642,""ast_0.5"":69553,""art_0.5"":37097,""aet_0.5"":54105}","{""sst"":39992,""srt"":24777,""set"":39391,""ast_0.3"":40286,""art_0.3"":13710,""aet_0.3"":13129,""ast_0.4"":67217,""art_0.4"":26539,""aet_0.4"":31304,""ast_0.5"":94148,""art_0.5"":39368,""aet_0.5"":49478}","ISO 5211 F60",1395,3025,343,710,270,230,258,880,"NPT1.1/2"""
SF60-800SR5,SF60,800,SR,SR5,84276,"{""sst"":63398,""srt"":31515,""set"":38261,""ast_0.3"":43980,""art_0.3"":19372,""aet_0.3"":20595,""ast_0.4"":61439,""art_0.4"":30300,""aet_0.4"":36302,""ast_0.5"":84160,""art_0.5"":43480,""aet_0.5"":60774}","{""sst"":51009,""srt"":31902,""set"":51604,""ast_0.3"":54658,""art_0.3"":19415,""aet_0.3"":19899,""ast_0.4"":81589,""art_0.4"":32244,""aet_0.4"":38074,""ast_0.5"":108521,""art_0.5"":45073,""aet_0.5"":56248}","ISO 5211 F60",1395,3025,343,710,270,230,258,880,"NPT1.1/2"""
SF60-800SR6,SF60,800,SR,SR6,93599,"{""sst"":78878,""srt"":39710,""set"":49217,""ast_0.3"":54943,""art_0.3"":25519,""aet_0.3"":30122,""ast_0.4"":70724,""art_0.4"":34468,""aet_0.4"":40762,""ast_0.5"":91614,""art_0.5"":47145,""aet_0.5"":67106}","{""sst"":64258,""srt"":39812,""set"":63294,""ast_0.3"":69568,""art_0.3"":24333,""aet_0.3"":24360,""ast_0.4"":96499,""art_0.4"":37162,""aet_0.4"":42535,""ast_0.5"":123430,""art_0.5"":49992,""aet_0.5"":60709}","ISO 5211 F60",1395,3025,343,710,270,230,258,880,"NPT1.1/2"""
SF60-900SR3,SF60,900,SR,SR3,83585,"{""sst"":47118,""srt"":23238,""set"":27842,""ast_0.3"":47867,""art_0.3"":23702,""aet_0.3"":28592,""ast_0.4"":72798,""art_0.4"":39044,""aet_0.4"":57351,""ast_0.5"":98293,""art_0.5"":54341,""aet_0.5"":82845}","{""sst"":39992,""srt"":24777,""set"":39391,""ast_0.3"":62022,""art_0.4"":24064,""aet_0.3"":27798,""ast_0.4"":96198,""art_0.4"":40345,""aet_0.4"":50861,""ast_0.5"":130375,""art_0.5"":56625,""aet_0.5"":73925}","ISO 5211 F60",1415,3025,343,765,270,230,258,990,"NPT2"""
SF60-900SR4,SF60,900,SR,SR4,88876,"{""sst"":63398,""srt"":31514,""set"":38261,""ast_0.3"":40105,""art_0.3"":17047,""aet_0.3"":16720,""ast_0.4"":62685,""art_0.4"":31072,""aet_0.4"":37548,""ast_0.5"":91094,""art_0.5"":47640,""aet_0.5"":67708}","{""sst"":51009,""srt"":31902,""set"":51604,""ast_0.3"":49463,""art_0.3"":16940,""aet_0.3"":16393,""ast_0.4"":83639,""art_0.4"":33220,""aet_0.4"":39457,""ast_0.5"":117816,""art_0.5"":49501,""aet_0.5"":62521}","ISO 5211 F60",1415,3025,343,765,270,230,258,990,"NPT2"""
SF60-900SR5,SF60,900,SR,SR5,98199,"{""sst"":78878,""srt"":39710,""set"":49217,""ast_0.3"":52335,""art_0.3"":23954,""aet_0.3"":27514,""ast_0.4"":76967,""art_0.4"":38524,""aet_0.4"":47305,""ast_0.5"":103324,""art_0.5"":54548,""aet_0.5"":78503}","{""sst"":64258,""srt"":39812,""set"":63294,""ast_0.3"":72347,""art_0.3"":33580,""aet_0.3"":39588,""ast_0.4"":93243,""art_0.4"":46119,""aet_0.4"":55529,""ast_0.5"":124034,""art_0.5"":64174,""aet_0.5"":92334}","ISO 5211 F60",1415,3025,343,765,270,230,258,990,"NPT2"""
SF60-900SR6,SF60,900,SR,SR6,102969,"{""sst"":95891,""srt"":47761,""set"":58177,""ast_0.3"":72347,""art_0.3"":33580,""aet_0.3"":39588,""ast_0.4"":93243,""art_0.4"":46119,""aet_0.4"":55529,""ast_0.5"":124034,""art_0.5"":64174,""aet_0.5"":92334}","{""sst"":75276,""srt"":46937,""set"":75507,""ast_0.3"":93236,""art_0.3"":34466,""aet_0.3"":37403,""ast_0.4"":127412,""art_0.4"":50747,""aet_0.4"":60467,""ast_0.5"":161589,""art_0.5"":67027,""aet_0.5"":83531}","ISO 5211 F60",1415,3025,343,765,270,230,258,990,"NPT2"""
SF60-1000SR3,SF60,1000,SR,SR3,92889,"{""sst"":63398,""srt"":31514,""set"":38261,""ast_0.3"":55207,""art_0.3"":26436,""aet_0.3"":30071,""ast_0.4"":89762,""art_0.4"":46841,""aet_0.4"":66376,""ast_0.5"":121297,""art_0.5"":65762,""aet_0.5"":97911}","{""sst"":51009,""srt"":31902,""set"":51604,""ast_0.3"":73756,""art_0.3"":28512,""aet_0.3"":32787,""ast_0.4"":116030,""art_0.4"":48650,""aet_0.4"":61316,""ast_0.5"":158305,""art_0.5"":68788,""aet_0.5"":89845}","ISO 5211 F60",1415,3025,343,815,270,230,258,1090,"NPT2"""
SF60-1000SR4,SF60,1000,SR,SR4,102213,"{""sst"":78878,""srt"":39048,""set"":49217,""ast_0.3"":44962,""art_0.3"":19531,""aet_0.3"":20141,""ast_0.4"":75409,""art_0.4"":38220,""aet_0.4"":45747,""ast_0.5"":108032,""art_0.5"":57373,""aet_0.5"":83211}","{""sst"":64258,""srt"":39812,""set"":63294,""ast_0.3"":61735,""art_0.3"":20602,""aet_0.3"":19074,""ast_0.4"":104009,""art_0.4"":40740,""aet_0.4"":47602,""ast_0.5"":146283,""art_0.5"":60878,""aet_0.5"":76131}","ISO 5211 F60",1415,3025,343,815,270,230,258,1090,"NPT2"""
SF60-1000SR5,SF60,1000,SR,SR5,106983,"{""sst"":95891,""srt"":47761,""set"":58177,""ast_0.3"":71015,""art_0.3"":32781,""aet_0.3"":38256,""ast_0.4"":97605,""art_0.4"":48824,""aet_0.4"":59891,""ast_0.5"":134084,""art_0.5"":70623,""aet_0.5"":101326}","{""sst"":75276,""srt"":46937,""set"":75507,""ast_0.3"":91450,""art_0.3"":33615,""aet_0.3"":36198,""ast_0.4"":133724,""art_0.4"":53753,""aet_0.4"":64727,""ast_0.5"":175999,""art_0.5"":73891,""aet_0.5"":93255}","ISO 5211 F60",1415,3025,343,815,270,230,258,1090,"NPT2"""
SF60-1000SR6,SF60,1000,SR,SR6,113342,"{""sst"":112369,""srt"":57081,""set"":71764,""ast_0.3"":85557,""art_0.3"":38456,""aet_0.3"":42630,""ast_0.4"":115175,""art_0.4"":58821,""aet_0.4"":74570,""ast_0.5"":149541,""art_0.5"":76299,""aet_0.5"":116923}","{""sst"":90742,""srt"":56466,""set"":90500,""ast_0.3"":118306,""art_0.3"":44225,""aet_0.3"":48719,""ast_0.4"":160580,""art_0.4"":64363,""aet_0.4"":77248,""ast_0.5"":202855,""art_0.5"":84501,""aet_0.5"":105776}","ISO 5211 F60",1415,3025,343,815,270,230,258,1090,"NPT2"""
SF60-1100SR3,SF60,1100,SR,SR3,106288,"{""sst"":78878,""srt"":34854,""set"":49217,""ast_0.3"":63881,""art_0.3"":35266,""aet_0.3"":34219,""ast_0.4"":107340,""art_0.4"":56957,""aet_0.4"":82519,""ast_0.5"":145551,""art_0.5"":79884,""aet_0.5"":120730}","{""sst"":64258,""srt"":39812,""set"":63294,""ast_0.3"":88585,""art_0.3"":33392,""aet_0.3"":37194,""ast_0.4"":139809,""art_0.4"":57794,""aet_0.4"":71762,""ast_0.5"":191034,""art_0.5"":82196,""aet_0.5"":106331}","ISO 5211 F60",1415,3025,343,865,270,230,258,1190,"NPT2"""
SF60-1100SR4,SF60,1100,SR,SR4,111059,"{""sst"":95891,""srt"":47761,""set"":58177,""ast_0.3"":59509,""art_0.3"":25878,""aet_0.3"":26750,""ast_0.4"":92620,""art_0.4"":45733,""aet_0.4"":54906,""ast_0.5"":135392,""art_0.5"":71731,""aet_0.5"":103732}","{""sst"":75276,""srt"":46937,""set"":75507,""ast_0.3"":76026,""art_0.3"":26268,""aet_0.3"":25789,""ast_0.4"":127251,""art_0.4"":50669,""aet_0.4"":60358,""ast_0.5"":178475,""art_0.5"":75071,""aet_0.5"":94926}","ISO 5211 F60",1415,3025,343,865,270,230,258,1190,"NPT2"""
SF60-1100SR5,SF60,1100,SR,SR5,117418,"{""sst"":112369,""srt"":57081,""set"":71764,""ast_0.3"":80728,""art_0.3"":35559,""aet_0.3"":37801,""ast_0.4"":116733,""art_0.4"":59787,""aet_0.4"":76127,""ast_0.5"":157151,""art_0.5"":81412,""aet_0.5"":114224}","{""sst"":90742,""srt"":56466,""set"":90500,""ast_0.3"":111832,""art_0.3"":41141,""aet_0.3"":44350,""ast_0.4"":163056,""art_0.4"":65542,""aet_0.4"":78919,""ast_0.5"":214281,""art_0.5"":89944,""aet_0.5"":113487}","ISO 5211 F60",1415,3025,343,865,270,230,258,1190,"NPT2"""
SF60-1100SR6,SF60,1100,SR,SR6,,,"{""sst"":112369,""srt"":57081,""set"":71764,""ast_0.3"":85557,""art_0.3"":38456,""aet_0.3"":42630,""ast_0.4"":115175,""art_0.4"":58821,""aet_0.4"":74570,""ast_0.5"":149541,""art_0.5"":76299,""aet_0.5"":116923}","{""sst"":90742,""srt"":56466,""set"":90500,""ast_0.3"":118306,""art_0.3"":44225,""aet_0.3"":48719,""ast_0.4"":160580,""art_0.4"":64363,""aet_0.4"":77248,""ast_0.5"":202855,""art_0.5"":84501,""aet_0.5"":105776}","ISO 5211 F60",1415,3025,343,865,270,230,258,1190,"NPT2"""